-- phpMyAdmin SQL Dump
-- version 5.1.0
-- https://www.phpmyadmin.net/
--
-- Host: localhost:3306
-- Generation Time: Feb 01, 2023 at 11:31 AM
-- Server version: 5.7.34
-- PHP Version: 8.0.8

SET SQL_MODE = "NO_AUTO_VALUE_ON_ZERO";
START TRANSACTION;
SET time_zone = "+00:00";


/*!40101 SET @OLD_CHARACTER_SET_CLIENT=@@CHARACTER_SET_CLIENT */;
/*!40101 SET @OLD_CHARACTER_SET_RESULTS=@@CHARACTER_SET_RESULTS */;
/*!40101 SET @OLD_COLLATION_CONNECTION=@@COLLATION_CONNECTION */;
/*!40101 SET NAMES utf8mb4 */;

--
-- Database: `orangehrm`
--

-- --------------------------------------------------------

-- --------------------------------------------------------
--
-- Dumping data for table `ohrm_job_category`
--

INSERT INTO `ohrm_job_category` (`id`, `organizationId`, `name`) VALUES
(1, 1, 'Officials and Managers'),
(2, 1, 'Professionals'),
(3, 1, 'Technicians'),
(4, 1, 'Sales Workers'),
(5, 1, 'Operatives'),
(6, 1, 'Office and Clerical Workers'),
(7, 1, 'Craft Workers'),
(8, 1, 'Service Workers'),
(9, 1, 'Laborers and Helpers'),
(10, 53, 'test');

-- --------------------------------------------------------
--
-- Dumping data for table `ohrm_job_title`
--

INSERT INTO `ohrm_job_title` (`id`, `organizationId`, `job_title`, `job_description`, `note`, `is_deleted`) VALUES
(1, 0, 'Software Developer', 'Write code', 'Coder', 0),
(2, 53, 'test', 'test', 'test', 0);

-- --------------------------------------------------------
--
-- Dumping data for table `ohrm_language`
--

INSERT INTO `ohrm_language` (`id`, `organizationId`, `name`) VALUES
(1, 53, 'test');

-- --------------------------------------------------------
--
-- Dumping data for table `ohrm_leave_entitlement_type`
--

INSERT INTO `ohrm_leave_entitlement_type` (`id`, `name`, `is_editable`) VALUES
(1, 'Added', 1);

-- --------------------------------------------------------
--
-- Dumping data for table `ohrm_leave_period_history`
--

INSERT INTO `ohrm_leave_period_history` (`id`, `leave_period_start_month`, `leave_period_start_day`, `created_at`) VALUES
(1, 1, 1, '2022-11-10');

-- --------------------------------------------------------
--
-- Dumping data for table `ohrm_leave_status`
--

INSERT INTO `ohrm_leave_status` (`id`, `status`, `name`) VALUES
(1, -1, 'REJECTED'),
(2, 0, 'CANCELLED'),
(3, 1, 'PENDING APPROVAL'),
(4, 2, 'SCHEDULED'),
(5, 3, 'TAKEN'),
(6, 4, 'WEEKEND'),
(7, 5, 'HOLIDAY');

-- --------------------------------------------------------
--
-- Dumping data for table `ohrm_license`
--

INSERT INTO `ohrm_license` (`id`, `organizationId`, `name`) VALUES
(1, 53, 'test');

-- --------------------------------------------------------
--
-- Dumping data for table `ohrm_login`
--

INSERT INTO `ohrm_login` (`id`, `user_id`, `user_name`, `user_role_name`, `user_role_predefined`, `login_time`) VALUES
(1, 1, 'DavidO', 'Admin', 1, '2022-10-28 17:10:30'),
(2, 1, 'DavidO', 'Admin', 1, '2022-10-28 17:11:55'),
(3, 1, 'DavidO', 'Admin', 1, '2022-10-28 17:16:18'),
(4, 1, 'DavidO', 'Admin', 1, '2022-10-28 17:17:29'),
(5, 1, 'DavidO', 'Admin', 1, '2022-10-28 17:20:23'),
(6, 2, 'JoshuaAyoOmomia', 'ESS', 1, '2022-10-28 17:24:43'),
(7, 2, 'JoshuaAyoOmomia', 'ESS', 1, '2022-10-28 17:25:08'),
(8, 2, 'JoshuaAyoOmomia', 'ESS', 1, '2022-10-28 17:33:24'),
(9, 1, 'DavidO', 'Admin', 1, '2022-10-30 18:50:34'),
(10, 1, 'DavidO', 'Admin', 1, '2022-10-30 18:53:00'),
(11, 2, 'JoshuaAyoOmomia', 'ESS', 1, '2022-10-30 22:52:16'),
(12, 1, 'DavidO', 'Admin', 1, '2022-11-01 15:40:52'),
(13, 1, 'DavidO', 'Admin', 1, '2022-11-01 15:41:16'),
(14, 1, 'DavidO', 'Admin', 1, '2022-11-01 17:05:51'),
(15, 1, 'DavidO', 'Admin', 1, '2022-11-08 10:24:58'),
(16, 1, 'DavidO', 'Admin', 1, '2022-11-08 14:19:02'),
(17, 1, 'DavidO', 'Admin', 1, '2022-11-08 15:34:35'),
(18, 1, 'DavidO', 'Admin', 1, '2022-11-09 09:03:42'),
(19, 3, 'Adaobi', 'ESS', 1, '2022-11-09 13:10:43'),
(20, 3, 'Adaobi', 'ESS', 1, '2022-11-09 13:11:52'),
(21, 3, 'Adaobi', 'ESS', 1, '2022-11-09 17:13:45'),
(22, 3, 'Adaobi', 'ESS', 1, '2022-11-09 17:52:19'),
(23, 3, 'Adaobi', 'ESS', 1, '2022-11-09 18:25:49'),
(24, 3, 'Adaobi', 'ESS', 1, '2022-11-10 11:47:17'),
(25, 3, 'Adaobi', 'ESS', 1, '2022-11-10 11:49:28'),
(26, 1, 'DavidO', 'Admin', 1, '2022-11-10 11:52:34'),
(27, 1, 'DavidO', 'Admin', 1, '2022-11-10 12:01:38'),
(28, 1, 'DavidO', 'Admin', 1, '2022-11-10 12:03:12'),
(29, 3, 'Adaobi', 'ESS', 1, '2022-11-10 12:52:18'),
(30, 1, 'DavidO', 'Admin', 1, '2022-11-10 12:58:29'),
(31, 1, 'DavidO', 'Admin', 1, '2022-11-10 13:03:23'),
(32, 1, 'DavidO', 'Admin', 1, '2022-11-10 21:50:38'),
(33, 3, 'Adaobi', 'ESS', 1, '2022-11-10 23:23:40'),
(34, 1, 'DavidO', 'Admin', 1, '2022-11-10 23:44:39'),
(35, 1, 'DavidO', 'Admin', 1, '2022-11-11 16:54:25'),
(36, 1, 'DavidO', 'Admin', 1, '2022-11-11 17:24:24'),
(37, 3, 'Adaobi', 'ESS', 1, '2022-11-11 18:02:18'),
(38, 1, 'DavidO', 'Admin', 1, '2022-11-11 18:09:55'),
(39, 1, 'DavidO', 'Admin', 1, '2022-11-11 19:05:52'),
(40, 3, 'Adaobi', 'ESS', 1, '2022-11-11 19:27:06'),
(41, 1, 'DavidO', 'Admin', 1, '2022-11-15 09:21:26'),
(42, 3, 'Adaobi', 'ESS', 1, '2022-11-15 09:22:52'),
(43, 1, 'DavidO', 'Admin', 1, '2022-11-15 09:34:04'),
(44, 1, 'DavidO', 'Admin', 1, '2022-11-17 13:40:31'),
(45, 1, 'DavidO', 'Admin', 1, '2022-11-18 09:03:36'),
(46, 1, 'DavidO', 'Admin', 1, '2022-11-18 14:35:48'),
(47, 1, 'DavidO', 'Admin', 1, '2022-11-18 14:41:10'),
(48, 1, 'DavidO', 'Admin', 1, '2022-11-18 14:46:20'),
(49, 1, 'DavidO', 'Admin', 1, '2022-11-18 15:15:41'),
(50, 1, 'DavidO', 'Admin', 1, '2022-11-18 15:54:18'),
(51, 1, 'DavidO', 'Admin', 1, '2022-11-18 16:09:56'),
(52, 1, 'DavidO', 'Admin', 1, '2022-11-19 06:28:15'),
(53, 1, 'DavidO', 'Admin', 1, '2022-11-20 07:38:20'),
(54, 1, 'DavidO', 'Admin', 1, '2022-11-20 07:38:59'),
(55, 1, 'DavidO', 'Admin', 1, '2022-11-21 09:06:47'),
(56, 1, 'DavidO', 'Admin', 1, '2022-11-22 14:02:02'),
(57, 1, 'davidO@gmail.com', 'Admin', 1, '2022-11-22 18:26:47'),
(58, 1, 'davidO@gmail.com', 'Admin', 1, '2022-11-22 18:27:19'),
(59, 1, 'davidO@gmail.com', 'Admin', 1, '2022-11-22 21:21:37'),
(60, 3, 'Adaobi', 'ESS', 1, '2022-11-22 21:23:02'),
(61, 3, 'Adaobi', 'ESS', 1, '2022-11-22 21:23:48'),
(62, 1, 'davidO@gmail.com', 'Admin', 1, '2022-11-22 22:00:37'),
(63, 1, 'davidO@gmail.com', 'Admin', 1, '2022-11-22 22:33:40'),
(64, 1, 'davidO@gmail.com', 'Admin', 1, '2022-11-22 22:36:57'),
(65, 1, 'davidO@gmail.com', 'Admin', 1, '2022-11-22 22:51:21'),
(66, 1, 'davidO@gmail.com', 'Admin', 1, '2022-11-22 23:09:57'),
(67, 1, 'davidO@gmail.com', 'Admin', 1, '2022-11-22 23:12:05'),
(68, 1, 'davidO@gmail.com', 'Admin', 1, '2022-11-23 08:20:33'),
(69, 1, 'davidO@gmail.com', 'Admin', 1, '2022-11-23 13:55:05'),
(70, 1, 'davidO@gmail.com', 'Admin', 1, '2022-11-23 13:55:28'),
(71, 1, 'davidO@gmail.com', 'Admin', 1, '2022-11-23 17:26:46'),
(72, 1, 'davidO@gmail.com', 'Admin', 1, '2022-11-23 17:28:48'),
(73, 1, 'davidO@gmail.com', 'Admin', 1, '2022-11-24 15:12:34'),
(74, 1, 'davidO@gmail.com', 'Admin', 1, '2022-11-25 08:39:03'),
(75, 1, 'davidO@gmail.com', 'Admin', 1, '2022-11-25 08:39:20'),
(76, 1, 'davidO@gmail.com', 'Admin', 1, '2022-11-25 08:43:10'),
(77, 1, 'davidO@gmail.com', 'Admin', 1, '2022-11-25 08:45:09'),
(78, 1, 'davidO@gmail.com', 'Admin', 1, '2022-11-25 08:45:18'),
(79, 1, 'davidO@gmail.com', 'Admin', 1, '2022-11-25 08:50:49'),
(80, 1, 'davidO@gmail.com', 'Admin', 1, '2022-11-25 08:54:26'),
(81, 1, 'davidO@gmail.com', 'Admin', 1, '2022-11-25 08:55:50'),
(82, 1, 'davidO@gmail.com', 'Admin', 1, '2022-11-25 08:56:23'),
(83, 1, 'davidO@gmail.com', 'Admin', 1, '2022-11-25 09:08:11'),
(84, 1, 'davidO@gmail.com', 'Admin', 1, '2022-11-25 09:08:21'),
(85, 1, 'davidO@gmail.com', 'Admin', 1, '2022-11-25 09:17:05'),
(86, 1, 'davidO@gmail.com', 'Admin', 1, '2022-11-25 09:21:06'),
(87, 1, 'davidO@gmail.com', 'Admin', 1, '2022-11-25 14:26:39'),
(88, 1, 'davidO@gmail.com', 'Admin', 1, '2022-12-02 13:32:14'),
(89, 1, 'davidO@gmail.com', 'Admin', 1, '2022-12-03 19:41:53'),
(90, 1, 'davidO@gmail.com', 'Admin', 1, '2022-12-05 16:45:00'),
(91, 1, 'davidO@gmail.com', 'Admin', 1, '2022-12-05 17:35:39'),
(92, 1, 'davidO@gmail.com', 'Admin', 1, '2022-12-05 17:36:48'),
(93, 1, 'davidO@gmail.com', 'Admin', 1, '2022-12-05 17:37:02'),
(94, 6, 'mark@gmail.com', 'Admin', 1, '2022-12-10 08:35:42'),
(95, 7, 'john@gmail.com', 'Admin', 1, '2022-12-10 08:39:40'),
(96, 12, 'run@gmail.com', 'Admin', 1, '2022-12-10 08:51:12'),
(97, 13, 'run3@gmail.com', 'Admin', 1, '2022-12-10 08:51:50'),
(98, 14, 's@gmail.com', 'Admin', 1, '2022-12-10 08:59:56'),
(99, 22, 'james@thcohq.com', 'Admin', 1, '2022-12-14 13:53:03'),
(100, 23, 'mark4@gmail.com', 'Admin', 1, '2022-12-14 14:45:47'),
(101, 24, 'test@gmail.com', 'Admin', 1, '2022-12-14 15:13:37'),
(102, 26, 'mm@gmail.com', 'Admin', 1, '2022-12-14 21:47:04'),
(103, 22, 'james@thcohq.com', 'Admin', 1, '2022-12-16 05:20:04'),
(104, 22, 'james@thcohq.com', 'Admin', 1, '2022-12-16 06:03:02'),
(105, 22, 'james@thcohq.com', 'Admin', 1, '2022-12-16 07:37:59'),
(106, 22, 'james@thcohq.com', 'Admin', 1, '2022-12-16 08:21:37'),
(107, 27, 'ff@gmail.com', 'Admin', 1, '2022-12-16 08:41:49'),
(108, 29, 'james@thcohq.com', 'Admin', 1, '2022-12-16 09:37:36'),
(109, 29, 'james@thcohq.com', 'Admin', 1, '2022-12-16 09:39:54'),
(110, 30, 'james@thcohq.com', 'Admin', 1, '2022-12-16 10:04:56'),
(111, 31, 'uchennaanih16@gmail.com', 'Admin', 1, '2022-12-16 10:09:12'),
(112, 33, 'james@thcohq.com', 'Admin', 1, '2022-12-17 06:52:18'),
(113, 34, 'james@thcohq.com', 'Admin', 1, '2022-12-17 07:02:26'),
(114, 35, 'james@thcohq.com', 'Admin', 1, '2022-12-17 19:31:19'),
(115, 36, 'james@thcohq.com', 'Admin', 1, '2022-12-17 19:35:59'),
(116, 37, 'james@gmail.com', 'Admin', 1, '2022-12-17 19:38:43'),
(117, 38, 'ff@gmail.com', 'Admin', 1, '2022-12-17 19:39:33'),
(118, 38, 'ff@gmail.com', 'Admin', 1, '2022-12-17 22:53:36'),
(119, 38, 'ff@gmail.com', 'Admin', 1, '2022-12-18 09:26:43'),
(120, 38, 'ff@gmail.com', 'Admin', 1, '2022-12-18 10:07:15'),
(121, 38, 'ff@gmail.com', 'Admin', 1, '2022-12-18 21:33:09'),
(122, 38, 'ff@gmail.com', 'Admin', 1, '2022-12-18 21:52:04'),
(123, 38, 'ff@gmail.com', 'Admin', 1, '2022-12-18 22:24:37'),
(124, 38, 'ff@gmail.com', 'Admin', 1, '2022-12-19 07:37:15'),
(125, 39, 'uchennaanih16@gmail.com', 'Admin', 1, '2022-12-20 19:22:28'),
(126, 40, 'uchennaanih16@gmail.com', 'Admin', 1, '2022-12-20 19:31:29'),
(127, 46, 'uchennaanih16@gmail.com', 'Admin', 1, '2022-12-21 09:38:35'),
(128, 47, 'james@thcohq.com', 'Admin', 1, '2022-12-21 10:19:42'),
(129, 47, 'james@thcohq.com', 'Admin', 1, '2022-12-22 14:08:21'),
(130, 47, 'james@thcohq.com', 'Admin', 1, '2022-12-22 14:42:50'),
(131, 47, 'james@thcohq.com', 'Admin', 1, '2022-12-22 21:55:10'),
(132, 47, 'james@thcohq.com', 'Admin', 1, '2022-12-22 22:22:51'),
(133, 47, 'james@thcohq.com', 'Admin', 1, '2022-12-23 07:13:14'),
(134, 47, 'james@thcohq.com', 'Admin', 1, '2022-12-23 08:04:07'),
(135, 47, 'james@thcohq.com', 'Admin', 1, '2023-01-02 02:35:48'),
(136, 47, 'james@thcohq.com', 'Admin', 1, '2023-01-02 06:47:33'),
(137, 47, 'james@thcohq.com', 'Admin', 1, '2023-01-02 10:08:28'),
(138, 47, 'james@thcohq.com', 'Admin', 1, '2023-01-02 10:38:52'),
(139, 47, 'james@thcohq.com', 'Admin', 1, '2023-01-03 13:03:50'),
(140, 47, 'james@thcohq.com', 'Admin', 1, '2023-01-03 14:28:24'),
(141, 47, 'james@thcohq.com', 'Admin', 1, '2023-01-03 14:37:16'),
(142, 47, 'james@thcohq.com', 'Admin', 1, '2023-01-03 15:47:34'),
(143, 1, 'davidO@gmail.com', 'Admin', 1, '2023-01-03 17:02:01'),
(144, 47, 'james@thcohq.com', 'Admin', 1, '2023-01-03 17:03:15'),
(145, 47, 'james@thcohq.com', 'Admin', 1, '2023-01-03 18:49:53'),
(146, 47, 'james@thcohq.com', 'Admin', 1, '2023-01-04 09:14:11'),
(147, 47, 'james@thcohq.com', 'Admin', 1, '2023-01-04 16:23:08'),
(148, 47, 'james@thcohq.com', 'Admin', 1, '2023-01-05 09:48:43'),
(149, 47, 'james@thcohq.com', 'Admin', 1, '2023-01-05 17:06:43'),
(150, 47, 'james@thcohq.com', 'Admin', 1, '2023-01-05 17:50:59'),
(151, 52, 'anihuchenna16@gmail.com', 'Admin', 1, '2023-01-05 18:44:21'),
(152, 47, 'james@thcohq.com', 'Admin', 1, '2023-01-06 13:01:58'),
(153, 47, 'james@thcohq.com', 'Admin', 1, '2023-01-06 13:10:50'),
(154, 46, 'uchennaanih17@gmail.com', 'Admin', 1, '2023-02-01 10:00:02');

-- --------------------------------------------------------
--
-- Dumping data for table `ohrm_membership`
--

INSERT INTO `ohrm_membership` (`id`, `organizationId`, `name`) VALUES
(1, 53, 'test');

-- --------------------------------------------------------
--
-- Dumping data for table `ohrm_screen`
--

INSERT INTO `ohrm_screen` (`id`, `name`, `module_id`, `action_url`, `menu_configurator`) VALUES
(1, 'User List', 2, 'viewSystemUsers', NULL),
(2, 'Add/Edit System User', 2, 'saveSystemUser', 'OrangeHRM\\Admin\\Menu\\UserMenuConfigurator'),
(3, 'Delete System Users', 2, 'deleteSystemUsers', NULL),
(4, 'Add Employee', 3, 'addEmployee', NULL),
(5, 'View Employee List', 3, 'viewEmployeeList', NULL),
(6, 'Delete Employees', 3, 'deleteEmployees', NULL),
(7, 'Leave Type List', 4, 'leaveTypeList', NULL),
(8, 'Define Leave Type', 4, 'defineLeaveType', 'OrangeHRM\\Leave\\Menu\\LeaveTypeMenuConfigurator'),
(9, 'Undelete Leave Type', 4, 'undeleteLeaveType', NULL),
(10, 'Delete Leave Type', 4, 'deleteLeaveType', NULL),
(11, 'View Holiday List', 4, 'viewHolidayList', NULL),
(12, 'Define Holiday', 4, 'defineHoliday', NULL),
(13, 'Delete Holiday', 4, 'deleteHoliday', NULL),
(14, 'Define WorkWeek', 4, 'defineWorkWeek', NULL),
(16, 'Leave List', 4, 'viewLeaveList', NULL),
(17, 'Assign Leave', 4, 'assignLeave', NULL),
(18, 'View Leave Summary', 4, 'viewLeaveSummary', NULL),
(19, 'Save Leave Entitlements', 4, 'saveLeaveEntitlements', NULL),
(20, 'General Information', 2, 'viewOrganizationGeneralInformation', NULL),
(21, 'Location List', 2, 'viewLocations', NULL),
(22, 'View Company Structure', 2, 'viewCompanyStructure', NULL),
(23, 'Job Title List', 2, 'viewJobTitleList', NULL),
(24, 'Pay Grade List', 2, 'viewPayGrades', NULL),
(25, 'Employment Status List', 2, 'employmentStatus', NULL),
(26, 'Job Category List', 2, 'jobCategory', NULL),
(27, 'Work Shift List', 2, 'workShift', NULL),
(28, 'Skill List', 2, 'viewSkills', NULL),
(29, 'Education List', 2, 'viewEducation', NULL),
(30, 'License List', 2, 'viewLicenses', NULL),
(31, 'Language List', 2, 'viewLanguages', NULL),
(32, 'Membership List', 2, 'membership', NULL),
(33, 'Nationality List', 2, 'nationality', NULL),
(34, 'Add/Edit Mail Configuration', 2, 'listMailConfiguration', NULL),
(35, 'Notification List', 2, 'viewEmailNotification', NULL),
(36, 'Customer List', 5, 'viewCustomers', NULL),
(37, 'Project List', 5, 'viewProjects', NULL),
(38, 'Localization', 2, 'localization', NULL),
(39, 'Module Configuration', 2, 'viewModules', NULL),
(40, 'Configure PIM', 3, 'configurePim', NULL),
(41, 'Custom Field List', 3, 'listCustomFields', NULL),
(42, 'Data Import', 3, 'pimCsvImport', NULL),
(43, 'Reporting Method List', 3, 'viewReportingMethods', NULL),
(44, 'Termination Reason List', 3, 'viewTerminationReasons', NULL),
(45, 'PIM Reports List', 3, 'viewDefinedPredefinedReports', NULL),
(46, 'View MyInfo', 3, 'viewMyDetails', 'OrangeHRM\\Pim\\Menu\\MyInfoMenuConfigurator'),
(47, 'Define Leave Period', 4, 'defineLeavePeriod', NULL),
(48, 'View My Leave List', 4, 'viewMyLeaveList', NULL),
(49, 'Apply Leave', 4, 'applyLeave', NULL),
(50, 'Define Timesheet Start Date', 5, 'defineTimesheetPeriod', NULL),
(51, 'View My Timesheet', 5, 'viewMyTimesheet', NULL),
(52, 'View Employee Timesheet', 5, 'viewEmployeeTimesheet', NULL),
(53, 'View My Attendance', 6, 'viewMyAttendanceRecord', 'OrangeHRM\\Attendance\\Menu\\AttendanceMenuConfigurator'),
(54, 'Punch In/Out', 6, 'punchIn', 'OrangeHRM\\Attendance\\Menu\\AttendanceMenuConfigurator'),
(55, 'View Employee Attendance', 6, 'viewAttendanceRecord', 'OrangeHRM\\Attendance\\Menu\\AttendanceMenuConfigurator'),
(56, 'Attendance Configuration', 6, 'configure', 'OrangeHRM\\Attendance\\Menu\\AttendanceMenuConfigurator'),
(57, 'View Project Report Criteria', 5, 'displayProjectReportCriteria', NULL),
(58, 'View Employee Report Criteria', 5, 'displayEmployeeReportCriteria', NULL),
(59, 'View Attendance Report Criteria', 5, 'displayAttendanceSummaryReportCriteria', NULL),
(60, 'Candidate List', 7, 'viewCandidates', NULL),
(61, 'Vacancy List', 7, 'viewJobVacancy', NULL),
(67, 'View Time Module', 5, 'viewTimeModule', NULL),
(68, 'View Leave Module', 4, 'viewLeaveModule', NULL),
(69, 'Leave Entitlements', 4, 'viewLeaveEntitlements', NULL),
(70, 'My Leave Entitlements', 4, 'viewMyLeaveEntitlements', NULL),
(71, 'Delete Leave Entitlements', 4, 'deleteLeaveEntitlements', NULL),
(72, 'Add Leave Entitlement', 4, 'addLeaveEntitlement', NULL),
(73, 'Edit Leave Entitlement', 4, 'editLeaveEntitlement', NULL),
(74, 'View Admin Module', 2, 'viewAdminModule', NULL),
(75, 'View PIM Module', 3, 'viewPimModule', NULL),
(76, 'View Recruitment Module', 7, 'viewRecruitmentModule', NULL),
(78, 'Leave Balance Report', 4, 'viewLeaveBalanceReport', NULL),
(79, 'My Leave Balance Report', 4, 'viewMyLeaveBalanceReport', NULL),
(80, 'Save Job Title', 2, 'saveJobTitle', 'OrangeHRM\\Admin\\Menu\\JobTitleMenuConfigurator'),
(81, 'Delete Job Title', 2, 'deleteJobTitle', NULL),
(82, 'Save Pay Grade', 2, 'payGrade', 'OrangeHRM\\Admin\\Menu\\PayGradeConfigurator'),
(83, 'Delete Pay Grade', 2, 'deletePayGrades', NULL),
(84, 'Save Pay Grade Currency', 2, 'savePayGradeCurrency', NULL),
(85, 'Delete Pay Grade Currency', 2, 'deletePayGradeCurrency', NULL),
(86, 'Add Customer', 5, 'addCustomer', 'OrangeHRM\\Time\\Menu\\CustomerMenuConfigurator'),
(87, 'Delete Customer', 2, 'deleteCustomer', NULL),
(88, 'Save Project', 5, 'saveProject', 'OrangeHRM\\Time\\Menu\\ProjectMenuConfigurator'),
(89, 'Delete Project', 2, 'deleteProject', NULL),
(90, 'Add Project Adtivity', 2, 'addProjectActivity', NULL),
(91, 'Delete Project Adtivity', 2, 'deleteProjectActivity', NULL),
(92, 'Define PIM reports', 3, 'definePredefinedReport', 'OrangeHRM\\Pim\\Menu\\PimReportMenuConfigurator'),
(93, 'Display PIM reports', 3, 'displayPredefinedReport', 'OrangeHRM\\Pim\\Menu\\PimReportMenuConfigurator'),
(94, 'Add Job Vacancy', 7, 'addJobVacancy', 'OrangeHRM\\Recruitment\\Menu\\VacancyMenuConfigurator'),
(95, 'Delete Job Vacancy', 7, 'deleteJobVacancy', NULL),
(96, 'Add Candidate', 7, 'addCandidate', 'OrangeHRM\\Recruitment\\Menu\\CandidateMenuConfigurator'),
(97, 'Delete Candidate', 7, 'deleteCandidateVacancies', NULL),
(98, 'View Leave Request', 4, 'viewLeaveRequest', 'OrangeHRM\\Leave\\Menu\\DetailedLeaveRequestMenuConfigurator'),
(99, 'Change Leave Status', 4, 'changeLeaveStatus', NULL),
(100, 'Terminate Employment', 3, 'terminateEmployement', NULL),
(101, 'View Attendance Summary Report', 5, 'displayAttendanceSummaryReport', NULL),
(102, 'View Project Activity Details Report', 5, 'displayProjectActivityDetailsReport', 'OrangeHRM\\Time\\Menu\\DetailedProjectActivityReportMenuConfigurator'),
(103, 'Dashboard', 10, 'index', NULL),
(104, 'Save KPI', 11, 'saveKpi', 'OrangeHRM\\Performance\\Menu\\KpiMenuConfigurator'),
(105, 'Saearch KPI', 11, 'searchKpi', NULL),
(106, 'My Reviews', 11, 'myPerformanceReview', NULL),
(107, 'Add Review', 11, 'saveReview', 'OrangeHRM\\Performance\\Menu\\ManageReviewMenuConfigurator'),
(108, 'Review Evaluate', 11, 'reviewEvaluate', 'OrangeHRM\\Performance\\Menu\\MyReviewMenuConfigurator'),
(109, 'Review Evaluate By Admin', 11, 'reviewEvaluateByAdmin', 'OrangeHRM\\Performance\\Menu\\AdminReviewMenuConfigurator'),
(110, 'Search Evaluate Performance', 11, 'searchEvaluatePerformanceReview', NULL),
(111, 'Search Performance Review', 11, 'searchPerformanceReview', NULL),
(112, 'Manage_Trackers', 11, 'viewPerformanceTracker', NULL),
(113, 'Employee_Trackers', 11, 'viewEmployeePerformanceTrackerList', NULL),
(114, 'My_Trackers', 11, 'viewMyPerformanceTrackerList', NULL),
(115, 'Employee_Tracker_Logs', 11, 'addPerformanceTrackerLog', 'OrangeHRM\\Performance\\Menu\\PerformanceTrackerLogMenuConfigurator'),
(116, 'Directory', 12, 'viewDirectory', NULL),
(117, 'Manage OpenId', 2, 'openIdProvider', NULL),
(118, 'Register OAuth Client', 2, 'registerOAuthClient', NULL),
(119, 'Purge Employee Records', 13, 'purgeEmployee', NULL),
(120, 'Purge Candidate Records', 13, 'purgeCandidateData', NULL),
(121, 'Access Employee Records', 13, 'accessEmployeeData', NULL),
(122, 'Marcket Place Home Page', 14, 'ohrmAddons', NULL),
(123, 'Buzz', 15, 'viewBuzz', NULL),
(124, 'Language Packages', 2, 'languagePackage', NULL),
(125, 'Language Customization', 2, 'languageCustomization', NULL),
(126, 'Save Language Customization', 2, 'saveLanguageCustomization', NULL),
(127, 'Export Language Package', 2, 'exportLanguagePackage', NULL),
(128, 'Add Theme', 2, 'addTheme', NULL),
(129, 'Save Location', 2, 'saveLocation', 'OrangeHRM\\Admin\\Menu\\LocationMenuConfigurator'),
(130, 'View Performance Module', 11, 'viewPerformanceModule', NULL),
(131, 'Save Employment Status', 2, 'saveEmploymentStatus', 'OrangeHRM\\Admin\\Menu\\EmploymentStatusMenuConfigurator'),
(132, 'Save Job Category', 2, 'saveJobCategory', 'OrangeHRM\\Admin\\Menu\\JobCategoryMenuConfigurator'),
(133, 'Save Work Shift', 2, 'saveWorkShifts', 'OrangeHRM\\Admin\\Menu\\WorkShiftMenuConfigurator'),
(134, 'Save Skills', 2, 'saveSkills', 'OrangeHRM\\Admin\\Menu\\QualificationsMenuConfigurator'),
(135, 'Save Education', 2, 'saveEducation', 'OrangeHRM\\Admin\\Menu\\QualificationsMenuConfigurator'),
(136, 'Save Licenses', 2, 'saveLicenses', 'OrangeHRM\\Admin\\Menu\\QualificationsMenuConfigurator'),
(137, 'Save Languages', 2, 'saveLanguages', 'OrangeHRM\\Admin\\Menu\\QualificationsMenuConfigurator'),
(138, 'Save Memberships', 2, 'saveMemberships', 'OrangeHRM\\Admin\\Menu\\MembershipMenuConfigurator'),
(139, 'Save Nationalities', 2, 'saveNationality', 'OrangeHRM\\Admin\\Menu\\NationalityMenuConfigurator'),
(140, 'Add/Edit Email Subscriptions', 2, 'saveSubscriber', 'OrangeHRM\\Admin\\Menu\\EmailSubscriptionMenuConfigurator'),
(141, 'Save Custom Field', 3, 'saveCustomFields', 'OrangeHRM\\Pim\\Menu\\CustomFieldMenuConfigurator'),
(142, 'Save Reporting Method', 3, 'saveReportingMethod', 'OrangeHRM\\Pim\\Menu\\ReportingMethodMenuConfigurator'),
(143, 'Save Termination Reason', 3, 'saveTerminationReasons', 'OrangeHRM\\Pim\\Menu\\TerminationReasonMenuConfigurator'),
(144, 'Save Holiday', 4, 'saveHolidays', 'OrangeHRM\\Leave\\Menu\\HolidayMenuConfigurator'),
(145, 'Edit Timesheet', 5, 'editTimesheet', 'OrangeHRM\\Time\\Menu\\TimesheetMenuConfigurator'),
(146, 'Employee Timesheet', 5, 'viewTimesheet', 'OrangeHRM\\Time\\Menu\\EmployeeTimesheetMenuConfigurator'),
(147, 'Punch Out', 6, 'punchOut', 'OrangeHRM\\Attendance\\Menu\\PunchOutMenuConfigurator'),
(148, 'Edit My Attendance Records', 6, 'editAttendanceRecord', 'OrangeHRM\\Attendance\\Menu\\EditMyAttendanceRecordMenuConfigurator'),
(149, 'Edit Employee Attendance Records', 6, 'editEmployeeAttendanceRecord', 'OrangeHRM\\Attendance\\Menu\\EditEmployeeAttendanceRecordMenuConfigurator'),
(150, 'Employee Punch In/Out', 6, 'proxyPunchInPunchOut', 'OrangeHRM\\Attendance\\Menu\\EmployeePunchInOutMenuConfigurator'),
(151, 'Performance Tracker Save', 11, 'addPerformanceTracker', 'OrangeHRM\\Performance\\Menu\\PerformanceTrackerMenuConfigurator'),
(152, 'Download Corporate Branding Images', 2, 'theme', NULL),
(153, 'View Maintenance Module', 13, 'viewMaintenanceModule', NULL),
(154, 'Change Candidate Vacancy Status', 7, 'changeCandidateVacancyStatus', 'OrangeHRM\\Recruitment\\Menu\\CandidateMenuConfigurator'),
(155, 'View Candidate History', 7, 'candidateHistory', 'OrangeHRM\\Recruitment\\Menu\\CandidateMenuConfigurator'),
(156, 'View Candidate Interview Attachments', 7, 'interviewAttachments', 'OrangeHRM\\Recruitment\\Menu\\CandidateMenuConfigurator'),
(157, 'PIM - Personal Details', 3, 'viewPersonalDetails', 'OrangeHRM\\Pim\\Menu\\PIMLeftMenuItemConfigurator'),
(158, 'PIM - Contact Details', 3, 'contactDetails', 'OrangeHRM\\Pim\\Menu\\PIMLeftMenuItemConfigurator'),
(159, 'PIM - Emergency Contacts', 3, 'viewEmergencyContacts', 'OrangeHRM\\Pim\\Menu\\PIMLeftMenuItemConfigurator'),
(160, 'PIM - Dependents', 3, 'viewDependents', 'OrangeHRM\\Pim\\Menu\\PIMLeftMenuItemConfigurator'),
(161, 'PIM - Immigration', 3, 'viewImmigration', 'OrangeHRM\\Pim\\Menu\\PIMLeftMenuItemConfigurator'),
(162, 'PIM - Job', 3, 'viewJobDetails', 'OrangeHRM\\Pim\\Menu\\PIMLeftMenuItemConfigurator'),
(163, 'PIM - Salary', 3, 'viewSalaryList', 'OrangeHRM\\Pim\\Menu\\PIMLeftMenuItemConfigurator'),
(164, 'PIM - Tax Exemptions', 3, 'viewUsTaxExemptions', 'OrangeHRM\\Pim\\Menu\\PIMLeftMenuItemConfigurator'),
(165, 'PIM - Report-to', 3, 'viewReportToDetails', 'OrangeHRM\\Pim\\Menu\\PIMLeftMenuItemConfigurator'),
(166, 'PIM - Qualifications', 3, 'viewQualifications', 'OrangeHRM\\Pim\\Menu\\PIMLeftMenuItemConfigurator'),
(167, 'PIM - Memberships', 3, 'viewMemberships', 'OrangeHRM\\Pim\\Menu\\PIMLeftMenuItemConfigurator'),
(168, 'PIM - Change Profile Picture', 3, 'viewPhotograph', 'OrangeHRM\\Pim\\Menu\\PIMLeftMenuItemConfigurator'),
(169, 'Admin - LDAP Configuration', 2, 'ldapConfiguration', NULL);

-- --------------------------------------------------------
--
-- Dumping data for table `ohrm_menu_item`
--

INSERT INTO `ohrm_menu_item` (`id`, `menu_title`, `screen_id`, `parent_id`, `level`, `order_hint`, `status`, `additional_params`) VALUES
(1, 'Admin', 74, NULL, 1, 100, 1, '{\"icon\":\"admin\"}'),
(2, 'User Management', NULL, 1, 2, 100, 1, NULL),
(3, 'Project Info', NULL, 52, 2, 400, 1, NULL),
(4, 'Customers', 36, 3, 3, 100, 1, NULL),
(5, 'Projects', 37, 3, 3, 200, 1, NULL),
(6, 'Job', NULL, 1, 2, 300, 1, NULL),
(7, 'Job Titles', 23, 6, 3, 100, 1, NULL),
(8, 'Pay Grades', 24, 6, 3, 200, 1, NULL),
(9, 'Employment Status', 25, 6, 3, 300, 1, NULL),
(10, 'Job Categories', 26, 6, 3, 400, 1, NULL),
(11, 'Work Shifts', 27, 6, 3, 500, 1, NULL),
(12, 'Organization', NULL, 1, 2, 400, 1, NULL),
(13, 'General Information', 20, 12, 3, 100, 1, NULL),
(14, 'Locations', 21, 12, 3, 200, 1, NULL),
(15, 'Structure', 22, 12, 3, 300, 1, NULL),
(16, 'Qualifications', NULL, 1, 2, 500, 1, NULL),
(17, 'Skills', 28, 16, 3, 100, 1, NULL),
(18, 'Education', 29, 16, 3, 200, 1, NULL),
(19, 'Licenses', 30, 16, 3, 300, 1, NULL),
(20, 'Languages', 31, 16, 3, 400, 1, NULL),
(21, 'Memberships', 32, 16, 3, 500, 1, NULL),
(22, 'Nationalities', 33, 1, 2, 700, 1, NULL),
(23, 'Configuration', NULL, 1, 2, 900, 1, NULL),
(24, 'Email Configuration', 34, 23, 3, 100, 0, NULL),
(25, 'Email Subscriptions', 35, 23, 3, 200, 1, NULL),
(27, 'Localization', 38, 23, 3, 300, 1, NULL),
(28, 'Modules', 39, 23, 3, 400, 1, NULL),
(30, 'Personal Info Managements', 75, NULL, 1, 200, 1, '{\"icon\":\"pim\"}'),
(31, 'Configuration', NULL, 30, 2, 100, 1, NULL),
(32, 'Optional Fields', 40, 31, 3, 100, 1, NULL),
(33, 'Custom Fields', 41, 31, 3, 200, 1, NULL),
(34, 'Data Import', 42, 31, 3, 300, 1, NULL),
(35, 'Reporting Methods', 43, 31, 3, 400, 1, NULL),
(36, 'Termination Reasons', 44, 31, 3, 500, 1, NULL),
(37, 'Employee List', 5, 30, 2, 200, 1, NULL),
(38, 'Add Employee', 4, 30, 2, 300, 1, NULL),
(39, 'Reports', 45, 30, 2, 400, 1, NULL),
(40, 'My Info', 46, NULL, 1, 700, 1, '{\"icon\":\"myinfo\"}'),
(41, 'Leave', 68, NULL, 1, 300, 1, '{\"icon\":\"leave\"}'),
(42, 'Configure', NULL, 41, 2, 500, 1, NULL),
(43, 'Leave Period', 47, 42, 3, 100, 1, NULL),
(44, 'Leave Types', 7, 42, 3, 200, 1, NULL),
(45, 'Work Week', 14, 42, 3, 300, 1, NULL),
(46, 'Holidays', 11, 42, 3, 400, 1, NULL),
(48, 'Leave List', 16, 41, 2, 600, 1, NULL),
(49, 'Assign Leave', 17, 41, 2, 700, 1, NULL),
(50, 'My Leave', 48, 41, 2, 200, 1, NULL),
(51, 'Apply', 49, 41, 2, 100, 1, NULL),
(52, 'Time', 67, NULL, 1, 400, 1, '{\"icon\":\"time\"}'),
(53, 'Timesheets', NULL, 52, 2, 100, 1, NULL),
(54, 'My Timesheets', 51, 53, 3, 100, 1, NULL),
(55, 'Employee Timesheets', 52, 53, 3, 200, 1, NULL),
(56, 'Attendance', NULL, 52, 2, 200, 1, NULL),
(57, 'My Records', 53, 56, 3, 100, 1, NULL),
(58, 'Punch In/Out', 54, 56, 3, 200, 1, NULL),
(59, 'Employee Records', 55, 56, 3, 300, 1, NULL),
(60, 'Configuration', 56, 56, 3, 400, 1, NULL),
(61, 'Reports', NULL, 52, 2, 300, 1, NULL),
(62, 'Project Reports', 57, 61, 3, 100, 1, NULL),
(63, 'Employee Reports', 58, 61, 3, 200, 1, NULL),
(64, 'Attendance Summary', 59, 61, 3, 300, 1, NULL),
(65, 'Recruitment', 76, NULL, 1, 500, 1, '{\"icon\":\"recruitment\"}'),
(66, 'Candidates', 60, 65, 2, 100, 1, NULL),
(67, 'Vacancies', 61, 65, 2, 200, 1, NULL),
(74, 'Entitlements', NULL, 41, 2, 300, 1, NULL),
(75, 'Add Entitlements', 72, 74, 3, 100, 1, NULL),
(76, 'My Entitlements', 70, 74, 3, 300, 1, NULL),
(77, 'Employee Entitlements', 69, 74, 3, 200, 1, NULL),
(78, 'Reports', NULL, 41, 2, 400, 1, NULL),
(79, 'Leave Entitlements and Usage Report', 78, 78, 3, 100, 1, NULL),
(80, 'My Leave Entitlements and Usage Report', 79, 78, 3, 200, 1, NULL),
(81, 'Users', 1, 2, 3, 100, 1, NULL),
(82, 'Dashboard', 103, NULL, 1, 800, 1, '{\"icon\":\"dashboard\"}'),
(83, 'Performance', 130, NULL, 1, 700, 1, '{\"icon\":\"performance\"}'),
(84, 'Configure', NULL, 83, 2, 100, 1, NULL),
(85, 'Manage Reviews', NULL, 83, 2, 200, 1, NULL),
(86, 'KPIs', 105, 84, 3, 100, 1, NULL),
(87, 'Manage Reviews', 111, 85, 3, 100, 1, NULL),
(88, 'My Reviews', 106, 85, 3, 200, 1, NULL),
(89, 'Employee Reviews', 110, 85, 3, 300, 1, NULL),
(90, 'Trackers', 112, 84, 3, 200, 1, NULL),
(91, 'Employee Trackers', 113, 83, 2, 800, 1, NULL),
(92, 'My Trackers', 114, 83, 2, 700, 1, NULL),
(93, 'Directory', 116, NULL, 1, 1000, 1, '{\"icon\":\"directory\"}'),
(94, 'Social Media Authentication', 117, 23, 3, 500, 0, NULL),
(95, 'Register OAuth Client', 118, 23, 3, 600, 0, NULL),
(96, 'Setting', 153, NULL, 1, 1200, 1, '{\"icon\":\"maintenance\"}'),
(97, 'Purge Records', NULL, 96, 2, 100, 1, NULL),
(98, 'Access Records', 121, 96, 2, 200, 1, NULL),
(99, 'Employee Records', 119, 97, 3, 200, 1, NULL),
(100, 'Candidate Records', 120, 97, 3, 200, 1, NULL),
(102, 'Language Packages', 124, 23, 3, 350, 1, NULL),
(103, 'Corporate Branding', 128, 1, 2, 700, 1, NULL),
(104, 'LDAP Configuration', 169, 23, 3, 1000, 0, NULL);

-- --------------------------------------------------------
--
-- Dumping data for table `ohrm_composite_display_field`
--

INSERT INTO `ohrm_composite_display_field` (`composite_display_field_id`, `report_group_id`, `name`, `label`, `field_alias`, `is_sortable`, `sort_order`, `sort_field`, `element_type`, `element_property`, `width`, `is_exportable`, `text_alignment_style`, `is_value_list`, `display_field_group_id`, `default_value`, `is_encrypted`, `is_meta`) VALUES
(1, 1, 'IF(hs_hr_employee.termination_id IS NULL, CONCAT(hs_hr_employee.emp_firstname, \" \" ,hs_hr_employee.emp_lastname), CONCAT(hs_hr_employee.emp_firstname, \" \" ,hs_hr_employee.emp_lastname, \" (Past Employee)\"))', 'Employee Name', 'employeeName', 'false', NULL, NULL, 'label', '<xml><getter>employeeName</getter></xml>', '300', '0', NULL, 0, NULL, 'Deleted Employee', 0, 0),
(2, 1, 'CONCAT(ohrm_customer.name, \" - \" ,ohrm_project.name)', 'Project Name', 'projectname', 'false', NULL, NULL, 'label', '<xml><getter>projectname</getter></xml>', '300', '0', NULL, 0, NULL, NULL, 0, 0);

-- --------------------------------------------------------
--
-- Dumping data for table `ohrm_datapoint_type`
--

INSERT INTO `ohrm_datapoint_type` (`id`, `name`, `action_class`) VALUES
(1, 'config', 'configDatapointProcessor'),
(2, 'count', 'countDatapointProcessor'),
(3, 'session', 'sessionDatapointProcessor'),
(4, 'organization', 'OrganizationDataProcessor');

-- --------------------------------------------------------
--
-- Dumping data for table `ohrm_module_default_page`
--

INSERT INTO `ohrm_module_default_page` (`id`, `module_id`, `user_role_id`, `action`, `enable_class`, `priority`) VALUES
(1, 2, 1, 'admin/viewSystemUsers', NULL, 20),
(2, 3, 1, 'pim/viewEmployeeList', NULL, 20),
(3, 3, 3, 'pim/viewEmployeeList', NULL, 10),
(4, 3, 2, 'pim/viewMyDetails', NULL, 0),
(5, 4, 1, 'leave/viewLeaveList', NULL, 20),
(6, 4, 3, 'leave/viewLeaveList', NULL, 10),
(7, 4, 2, 'leave/viewMyLeaveList', NULL, 0),
(8, 4, 1, 'leave/defineLeavePeriod', 'LeavePeriodDefinedHomePageEnabler', 100),
(9, 4, 2, 'leave/showLeavePeriodNotDefinedWarning', 'LeavePeriodDefinedHomePageEnabler', 90),
(10, 5, 1, 'time/viewEmployeeTimesheet', NULL, 20),
(11, 5, 2, 'time/viewMyTimesheet', NULL, 0),
(12, 5, 1, 'time/defineTimesheetPeriod', 'TimesheetPeriodDefinedHomePageEnabler', 200),
(13, 5, 2, 'time/timesheetPeriodNotDefined', 'TimesheetPeriodDefinedHomePageEnabler', 100),
(14, 7, 1, 'recruitment/viewCandidates', NULL, 20),
(15, 7, 5, 'recruitment/viewCandidates', NULL, 10),
(16, 7, 6, 'recruitment/viewCandidates', NULL, 5),
(17, 11, 1, 'performance/searchEvaluatePerformanceReview', NULL, 20),
(18, 11, 3, 'performance/searchEvaluatePerformanceReview', NULL, 10),
(19, 11, 2, 'performance/myPerformanceReview', NULL, 0);

-- --------------------------------------------------------
--
-- Dumping data for table `ohrm_nationality`
--

INSERT INTO `ohrm_nationality` (`id`, `name`) VALUES
(1, 'Afghan'),
(2, 'Albanian'),
(3, 'Algerian'),
(4, 'American'),
(5, 'Andorran'),
(6, 'Angolan'),
(7, 'Antiguans'),
(8, 'Argentinean'),
(9, 'Armenian'),
(10, 'Australian'),
(11, 'Austrian'),
(12, 'Azerbaijani'),
(13, 'Bahamian'),
(14, 'Bahraini'),
(15, 'Bangladeshi'),
(16, 'Barbadian'),
(17, 'Barbudans'),
(18, 'Batswana'),
(19, 'Belarusian'),
(20, 'Belgian'),
(21, 'Belizean'),
(22, 'Beninese'),
(23, 'Bhutanese'),
(24, 'Bolivian'),
(25, 'Bosnian'),
(26, 'Brazilian'),
(27, 'British'),
(28, 'Bruneian'),
(29, 'Bulgarian'),
(30, 'Burkinabe'),
(31, 'Burmese'),
(32, 'Burundian'),
(33, 'Cambodian'),
(34, 'Cameroonian'),
(35, 'Canadian'),
(36, 'Cape Verdean'),
(37, 'Central African'),
(38, 'Chadian'),
(39, 'Chilean'),
(40, 'Chinese'),
(41, 'Colombian'),
(42, 'Comoran'),
(43, 'Congolese'),
(44, 'Costa Rican'),
(45, 'Croatian'),
(46, 'Cuban'),
(47, 'Cypriot'),
(48, 'Czech'),
(49, 'Danish'),
(50, 'Djibouti'),
(51, 'Dominican'),
(52, 'Dutch'),
(53, 'East Timorese'),
(54, 'Ecuadorean'),
(55, 'Egyptian'),
(56, 'Emirian'),
(57, 'Equatorial Guinean'),
(58, 'Eritrean'),
(59, 'Estonian'),
(60, 'Ethiopian'),
(61, 'Fijian'),
(62, 'Filipino'),
(63, 'Finnish'),
(64, 'French'),
(65, 'Gabonese'),
(66, 'Gambian'),
(67, 'Georgian'),
(68, 'German'),
(69, 'Ghanaian'),
(70, 'Greek'),
(71, 'Grenadian'),
(72, 'Guatemalan'),
(73, 'Guinea-Bissauan'),
(74, 'Guinean'),
(75, 'Guyanese'),
(76, 'Haitian'),
(77, 'Herzegovinian'),
(78, 'Honduran'),
(79, 'Hungarian'),
(80, 'I-Kiribati'),
(81, 'Icelander'),
(82, 'Indian'),
(83, 'Indonesian'),
(84, 'Iranian'),
(85, 'Iraqi'),
(86, 'Irish'),
(87, 'Israeli'),
(88, 'Italian'),
(89, 'Ivorian'),
(90, 'Jamaican'),
(91, 'Japanese'),
(92, 'Jordanian'),
(93, 'Kazakhstani'),
(94, 'Kenyan'),
(95, 'Kittian and Nevisian'),
(96, 'Kuwaiti'),
(97, 'Kyrgyz'),
(98, 'Laotian'),
(99, 'Latvian'),
(100, 'Lebanese'),
(101, 'Liberian'),
(102, 'Libyan'),
(103, 'Liechtensteiner'),
(104, 'Lithuanian'),
(105, 'Luxembourger'),
(106, 'Macedonian'),
(107, 'Malagasy'),
(108, 'Malawian'),
(109, 'Malaysian'),
(110, 'Maldivan'),
(111, 'Malian'),
(112, 'Maltese'),
(113, 'Marshallese'),
(114, 'Mauritanian'),
(115, 'Mauritian'),
(116, 'Mexican'),
(117, 'Micronesian'),
(118, 'Moldovan'),
(119, 'Monacan'),
(120, 'Mongolian'),
(121, 'Moroccan'),
(122, 'Mosotho'),
(123, 'Motswana'),
(124, 'Mozambican'),
(125, 'Namibian'),
(126, 'Nauruan'),
(127, 'Nepalese'),
(128, 'New Zealander'),
(129, 'Nicaraguan'),
(130, 'Nigerian'),
(131, 'Nigerien'),
(132, 'North Korean'),
(133, 'Northern Irish'),
(134, 'Norwegian'),
(135, 'Omani'),
(136, 'Pakistani'),
(137, 'Palauan'),
(138, 'Panamanian'),
(139, 'Papua New Guinean'),
(140, 'Paraguayan'),
(141, 'Peruvian'),
(142, 'Polish'),
(143, 'Portuguese'),
(144, 'Qatari'),
(145, 'Romanian'),
(146, 'Russian'),
(147, 'Rwandan'),
(148, 'Saint Lucian'),
(149, 'Salvadoran'),
(150, 'Samoan'),
(151, 'San Marinese'),
(152, 'Sao Tomean'),
(153, 'Saudi'),
(154, 'Scottish'),
(155, 'Senegalese'),
(156, 'Serbian'),
(157, 'Seychellois'),
(158, 'Sierra Leonean'),
(159, 'Singaporean'),
(160, 'Slovakian'),
(161, 'Slovenian'),
(162, 'Solomon Islander'),
(163, 'Somali'),
(164, 'South African'),
(165, 'South Korean'),
(166, 'Spanish'),
(167, 'Sri Lankan'),
(168, 'Sudanese'),
(169, 'Surinamer'),
(170, 'Swazi'),
(171, 'Swedish'),
(172, 'Swiss'),
(173, 'Syrian'),
(174, 'Taiwanese'),
(175, 'Tajik'),
(176, 'Tanzanian'),
(177, 'Thai'),
(178, 'Togolese'),
(179, 'Tongan'),
(180, 'Trinidadian or Tobagonian'),
(181, 'Tunisian'),
(182, 'Turkish'),
(183, 'Tuvaluan'),
(184, 'Ugandan'),
(185, 'Ukrainian'),
(186, 'Uruguayan'),
(187, 'Uzbekistani'),
(188, 'Venezuelan'),
(189, 'Vietnamese'),
(190, 'Welsh'),
(191, 'Yemenite'),
(192, 'Zambian'),
(193, 'Zimbabwean');

-- --------------------------------------------------------
--
-- Dumping data for table `ohrm_oauth_client`
--

INSERT INTO `ohrm_oauth_client` (`client_id`, `client_secret`, `redirect_uri`, `grant_types`, `scope`) VALUES
('orangehrm_mobile_app', '', '', 'password refresh_token', 'user');

-- --------------------------------------------------------
--
-- Dumping data for table `ohrm_organization_gen_info`
--

INSERT INTO `ohrm_organization_gen_info` (`id`, `name`, `tax_id`, `registration_number`, `phone`, `fax`, `email`, `country`, `province`, `city`, `zip_code`, `street1`, `street2`, `note`) VALUES
(1, 'THCO', NULL, NULL, NULL, NULL, NULL, 'NG', NULL, NULL, NULL, NULL, NULL, NULL),
(52, 'LL', NULL, NULL, NULL, NULL, 'uchennaanih16@gmail.com', NULL, NULL, NULL, NULL, NULL, NULL, NULL),
(53, 'MM', NULL, NULL, NULL, NULL, 'james@thcohq.com', NULL, NULL, NULL, NULL, NULL, NULL, NULL),
(54, 'hh', NULL, NULL, NULL, NULL, 'hh@gmail.com', NULL, NULL, NULL, NULL, NULL, NULL, NULL),
(55, 'jamestest', NULL, NULL, NULL, NULL, 'anihuchenna16@gmail.com', NULL, NULL, NULL, NULL, NULL, NULL, NULL);

-- --------------------------------------------------------
--
-- Dumping data for table `ohrm_pay_grade`
--

INSERT INTO `ohrm_pay_grade` (`id`, `organizationId`, `name`) VALUES
(1, 53, 'Developer pay');

-- --------------------------------------------------------
--
-- Dumping data for table `ohrm_pay_grade_currency`
--

INSERT INTO `ohrm_pay_grade_currency` (`pay_grade_id`, `currency_id`, `min_salary`, `max_salary`) VALUES
(1, 'NGN', 10000, 100000);

-- --------------------------------------------------------
--
-- Dumping data for table `ohrm_registration_event_queue`
--

INSERT INTO `ohrm_registration_event_queue` (`id`, `event_type`, `published`, `event_time`, `publish_time`, `data`) VALUES
(1, 0, 1, '2022-10-28 17:07:38', '2022-10-28 17:07:38', '{\"username\":\"DavidO\",\"email\":\"omomiad@gmail.com\",\"telephone\":\"09026714678\",\"admin_first_name\":\"David\",\"admin_last_name\":\"Omomia\",\"timezone\":\"Not Captured\",\"language\":\"en_US\",\"country\":\"NG\",\"organization_name\":\"THCO\",\"type\":\"0\",\"instance_identifier\":\"VEhDT19vbW9taWFkQGdtYWlsLmNvbV9EYXZpZF9PbW9taWFfY3JhZGxldGFsZW50LmNvbV9OR181LjJfMTY2Njk3Njc4OA==\",\"system_details\":\"{\\\"os\\\":{\\\"os\\\":\\\"Linux\\\",\\\"release_name\\\":\\\"5.15.0-52-generic\\\",\\\"version_info\\\":\\\"#58-Ubuntu SMP Thu Oct 13 08:03:55 UTC 2022\\\"},\\\"php\\\":{\\\"version\\\":\\\"8.0.24\\\"},\\\"mysql\\\":{\\\"client_version\\\":\\\"mysqlnd 8.0.24\\\",\\\"server_version\\\":\\\"5.7.40\\\",\\\"conn_type\\\":\\\"Localhost via UNIX socket\\\"},\\\"server\\\":\\\"Apache\\\\\\/2.4.52 (Ubuntu)\\\",\\\"ohrm\\\":{\\\"version\\\":\\\"5.2\\\"}}\"}'),
(2, 3, 1, '2022-10-28 17:07:38', '2022-10-28 17:07:39', '{\"instance_identifier\":\"VEhDT19vbW9taWFkQGdtYWlsLmNvbV9EYXZpZF9PbW9taWFfY3JhZGxldGFsZW50LmNvbV9OR181LjJfMTY2Njk3Njc4OA==\",\"type\":3}');

-- --------------------------------------------------------
--
-- Dumping data for table `ohrm_report`
--

INSERT INTO `ohrm_report` (`report_id`, `name`, `report_group_id`, `use_filter_field`, `type`) VALUES
(1, 'Project Report', 1, 1, NULL),
(2, 'Employee Report', 1, 1, NULL),
(3, 'Project Activity Details', 1, 1, NULL),
(4, 'Attendance Total Summary Report', 2, 0, NULL),
(5, 'PIM Sample Report', 3, 1, 'PIM_DEFINED');

-- --------------------------------------------------------
--
-- Dumping data for table `ohrm_resetPassword`
--

INSERT INTO `ohrm_resetPassword` (`user`, `code`) VALUES
('james@thcohq.com', 't6YcwVEScguNYktSF6Q6');

-- --------------------------------------------------------
--
-- Dumping data for table `ohrm_reviewer_group`
--

INSERT INTO `ohrm_reviewer_group` (`id`, `name`, `piority`) VALUES
(1, 'Supervisor', 1),
(2, 'Employee', 2);


-- --------------------------------------------------------
--
-- Dumping data for table `ohrm_selected_composite_display_field`
--

INSERT INTO `ohrm_selected_composite_display_field` (`id`, `composite_display_field_id`, `report_id`) VALUES
(1, 1, 3),
(2, 1, 4),
(3, 2, 2);

-- --------------------------------------------------------
--
-- Dumping data for table `ohrm_selected_display_field`
--

INSERT INTO `ohrm_selected_display_field` (`id`, `display_field_id`, `report_id`) VALUES
(2, 2, 1),
(4, 8, 2),
(5, 9, 5),
(6, 10, 5),
(7, 11, 5),
(8, 12, 5),
(9, 13, 5),
(10, 14, 5),
(11, 15, 5),
(13, 17, 5),
(14, 18, 5),
(15, 19, 5),
(16, 20, 5),
(17, 21, 5),
(18, 22, 5),
(19, 23, 5),
(20, 24, 5),
(21, 25, 5),
(22, 26, 5),
(23, 27, 5),
(24, 28, 5),
(25, 29, 5),
(26, 30, 5),
(27, 31, 5),
(28, 32, 5),
(29, 33, 5),
(31, 35, 5),
(32, 36, 5),
(33, 37, 5),
(34, 38, 5),
(35, 39, 5),
(36, 40, 5),
(37, 41, 5),
(38, 42, 5),
(39, 43, 5),
(40, 44, 5),
(41, 45, 5),
(43, 47, 5),
(44, 48, 5),
(45, 49, 5),
(48, 52, 5),
(49, 53, 5),
(50, 54, 5),
(51, 55, 5),
(53, 57, 5),
(54, 58, 5),
(55, 59, 5),
(56, 60, 5),
(57, 61, 5),
(58, 62, 5),
(59, 63, 5),
(60, 64, 5),
(61, 65, 5),
(62, 66, 5),
(63, 67, 5),
(64, 68, 5),
(65, 69, 5),
(66, 70, 5),
(67, 71, 5),
(68, 72, 5),
(69, 73, 5),
(70, 74, 5),
(71, 75, 5),
(72, 76, 5),
(73, 77, 5),
(74, 78, 5),
(76, 80, 5),
(77, 81, 5),
(78, 82, 5),
(79, 83, 5),
(80, 84, 5),
(81, 85, 5),
(82, 86, 5),
(83, 87, 5),
(84, 88, 5),
(85, 89, 5),
(86, 90, 5),
(87, 91, 5),
(88, 92, 5),
(89, 93, 5),
(90, 94, 5),
(91, 95, 5),
(93, 97, 5);

-- --------------------------------------------------------
--
-- Dumping data for table `ohrm_selected_display_field_group`
--

INSERT INTO `ohrm_selected_display_field_group` (`id`, `report_id`, `display_field_group_id`) VALUES
(1, 5, 1),
(2, 5, 2),
(3, 5, 3),
(4, 5, 4),
(5, 5, 5),
(6, 5, 6),
(7, 5, 7),
(8, 5, 8),
(9, 5, 9),
(10, 5, 10),
(11, 5, 11),
(12, 5, 12),
(13, 5, 13),
(14, 5, 14),
(15, 5, 15);

-- --------------------------------------------------------
--
-- Dumping data for table `ohrm_selected_filter_field`
--

INSERT INTO `ohrm_selected_filter_field` (`report_id`, `filter_field_id`, `filter_field_order`, `value1`, `value2`, `where_condition`, `type`) VALUES
(1, 1, 1, NULL, NULL, NULL, 'Runtime'),
(1, 3, 2, NULL, NULL, NULL, 'Runtime'),
(1, 7, 3, NULL, NULL, NULL, 'Runtime'),
(1, 21, 4, '0', NULL, 'eq', 'Predefined'),
(2, 3, 4, NULL, NULL, NULL, 'Runtime'),
(2, 4, 1, NULL, NULL, NULL, 'Runtime'),
(2, 5, 3, NULL, NULL, NULL, 'Runtime'),
(2, 6, 2, NULL, NULL, NULL, 'Runtime'),
(2, 7, 5, NULL, NULL, NULL, 'Runtime'),
(3, 3, 2, NULL, NULL, NULL, 'Runtime'),
(3, 5, 1, NULL, NULL, NULL, 'Runtime'),
(3, 7, 3, NULL, NULL, NULL, 'Runtime'),
(5, 22, 1, NULL, NULL, 'isNull', 'Predefined');

-- --------------------------------------------------------
--
-- Dumping data for table `ohrm_summary_display_field`
--

INSERT INTO `ohrm_summary_display_field` (`summary_display_field_id`, `function`, `label`, `field_alias`, `is_sortable`, `sort_order`, `sort_field`, `element_type`, `element_property`, `width`, `is_exportable`, `text_alignment_style`, `is_value_list`, `display_field_group_id`, `default_value`) VALUES
(1, 'ROUND(COALESCE(sum(duration)/3600, 0),2)', 'Time (Hours)', 'totalduration', 'false', NULL, NULL, 'label', '<xml><getter>totalduration</getter></xml>', '100', 'false', 'right', 0, NULL, NULL),
(2, 'ROUND(COALESCE(sum(TIMESTAMPDIFF(SECOND , ohrm_attendance_record.punch_in_utc_time , ohrm_attendance_record.punch_out_utc_time))/3600, 0),2)', 'Time (Hours)', 'totalduration', 'false', NULL, NULL, 'label', '<xml><getter>totalduration</getter></xml>', '100', 'false', 'right', 0, NULL, NULL);

-- --------------------------------------------------------
--
-- Dumping data for table `ohrm_selected_group_field`
--

INSERT INTO `ohrm_selected_group_field` (`group_field_id`, `summary_display_field_id`, `report_id`) VALUES
(1, 1, 1),
(1, 1, 2),
(2, 1, 3),
(2, 2, 4);

-- --------------------------------------------------------
--
-- Dumping data for table `ohrm_skill`
--

INSERT INTO `ohrm_skill` (`id`, `organizationId`, `name`, `description`) VALUES
(1, 53, 'test', 'test');

-- --------------------------------------------------------
--
-- Dumping data for table `ohrm_subunit`
--

INSERT INTO `ohrm_subunit` (`id`, `organizationId`, `name`, `unit_id`, `description`, `lft`, `rgt`, `level`) VALUES
(1, 1, 'THCO', '', '', 1, 2, 0),
(49, 52, 'LL', NULL, NULL, 1, 2, 0),
(50, 53, 'MM', NULL, NULL, 1, 2, 0),
(51, 55, 'jamestest', NULL, NULL, 1, 2, 0);

-- --------------------------------------------------------

--
-- Dumping data for table `ohrm_theme`
--

INSERT INTO `ohrm_theme` (`theme_id`, `theme_name`, `client_logo`, `variables`, `login_banner`, `show_social_media_icons`, `client_banner`, `client_logo_filename`, `client_logo_file_type`, `client_logo_file_size`, `client_banner_filename`, `client_banner_file_type`, `client_banner_file_size`, `login_banner_filename`, `login_banner_file_type`, `login_banner_file_size`) VALUES
(1, 'default', NULL, '{\"primaryColor\":\"#FF7B1D\",\"primaryFontColor\":\"#FFFFFF\",\"secondaryColor\":\"#76BC21\",\"secondaryFontColor\":\"#FFFFFF\",\"primaryGradientStartColor\":\"#FF920B\",\"primaryGradientEndColor\":\"#F35C17\"}', '', 1, NULL, NULL, NULL, NULL, NULL, NULL, NULL, NULL, NULL, NULL),
(2, 'custom', NULL, '{\"primaryColor\":\"#FF7B1D\",\"primaryFontColor\":\"#FFFFFF\",\"secondaryColor\":\"#76BC21\",\"secondaryFontColor\":\"#FFFFFF\",\"primaryGradientStartColor\":\"#FF920B\",\"primaryGradientEndColor\":\"#F35C17\"}', NULL, 1, NULL, NULL, NULL, NULL, NULL, NULL, NULL, NULL, NULL, NULL);

-- --------------------------------------------------------
--
-- Dumping data for table `ohrm_timesheet`
--

INSERT INTO `ohrm_timesheet` (`timesheet_id`, `state`, `start_date`, `end_date`, `employee_id`) VALUES
(1, 'NOT SUBMITTED', '2022-11-07', '2022-11-13', 3);

-- --------------------------------------------------------
--
-- Dumping data for table `ohrm_user`
--

INSERT INTO `ohrm_user` (`id`, `organizationId`, `user_role_id`, `emp_number`, `user_name`, `user_password`, `deleted`, `status`, `date_entered`, `date_modified`, `modified_user_id`, `created_by`) VALUES
(1, 1, 1, 1, 'davidO@gmail.com', '$2y$12$Bh7N/CT3dZDHHMJub9BtQOLne5Z8x.Fel/d9Fw16PSn.jg6ljOc3a', 0, 1, '2022-10-28 17:07:37', NULL, NULL, NULL),
(2, 1, 2, 2, 'JoshuaAyoOmomia', '$2y$12$4q6yxwSguQ46hmoJPJhdVOs1Dvg8VnPtRt3V6jhQNm6hktkXUuJKa', 0, 1, '2022-10-28 17:19:25', '2022-10-28 17:22:32', 1, 1),
(46, 52, 1, 50, 'uchennaanih17@gmail.com', '$2y$12$P5USJR0rtiyc6j0Pahu1jODmgIhTgDfLtjx.6qUgfbTjXSA2.4SXi', 0, 1, '2022-12-21 10:38:29', NULL, NULL, NULL),
(47, 53, 1, 51, 'james@thcohq.com', '$2y$12$Sk9R/nRZPtDUd2ecdk1wZuZG/S74sN.7zgjAewhdATR0M06eiAFvC', 0, 1, '2022-12-21 11:19:36', NULL, NULL, NULL),
(51, 53, 2, 57, 'anihuchenna26@gmail.com', '$2y$12$wmqSe.4TXoAVaQG8zQAUG.wNtvPNuMlPtpOUS0Ull7t5KAcf6i4TC', 0, 1, '2023-01-04 19:13:37', NULL, NULL, 47),
(52, 55, 1, 58, 'anihuchenna16@gmail.com', '$2y$12$0x8Z1wf5jXjlo9G5TkVzBe8kqcRm1g03JpWdgVD0N9cQMxT74GTMG', 0, 1, '2023-01-05 19:44:10', NULL, NULL, NULL);

-- --------------------------------------------------------

--
-- Dumping data for table `ohrm_user_role_data_group`
--

INSERT INTO `ohrm_user_role_data_group` (`id`, `user_role_id`, `data_group_id`, `can_read`, `can_create`, `can_update`, `can_delete`, `self`) VALUES
(1, 1, 1, 1, NULL, 1, NULL, 0),
(2, 1, 2, 1, 1, 1, 1, 0),
(3, 1, 3, 1, NULL, 1, NULL, 0),
(4, 1, 4, 1, NULL, 1, NULL, 0),
(5, 1, 5, 1, 1, 1, 1, 0),
(6, 1, 6, 1, NULL, 1, NULL, 0),
(7, 1, 7, 1, 1, 1, 1, 0),
(8, 1, 8, 1, 1, 1, 1, 0),
(9, 1, 9, 1, NULL, 1, NULL, 0),
(10, 1, 10, 1, 1, 1, 1, 0),
(11, 1, 11, 1, 1, 1, 1, 0),
(12, 1, 12, 1, NULL, 1, NULL, 0),
(13, 1, 13, 1, 1, 1, 1, 0),
(14, 1, 14, 1, 1, 1, 1, 0),
(15, 1, 15, 1, NULL, 1, NULL, 0),
(16, 1, 16, 1, NULL, 1, NULL, 0),
(17, 1, 17, 1, 1, 1, 1, 0),
(18, 1, 18, 1, NULL, 1, NULL, 0),
(19, 1, 19, 1, 1, 1, 1, 0),
(20, 1, 20, 1, 1, 1, 1, 0),
(21, 1, 21, 1, NULL, 1, NULL, 0),
(22, 1, 22, 1, NULL, 1, NULL, 0),
(23, 1, 23, 1, 1, 1, 1, 0),
(24, 1, 24, 1, NULL, 1, NULL, 0),
(25, 1, 25, 1, 1, 1, 1, 0),
(26, 1, 26, 1, 1, 1, 1, 0),
(27, 1, 27, 1, 1, 1, 1, 0),
(28, 1, 28, 1, NULL, 1, NULL, 0),
(29, 1, 29, 1, 1, 1, 1, 0),
(30, 1, 30, 1, 1, 1, 1, 0),
(31, 1, 31, 1, 1, 1, 1, 0),
(32, 1, 32, 1, 1, 1, 1, 0),
(33, 1, 33, 1, 1, 1, 1, 0),
(34, 1, 34, 1, 1, 1, 1, 0),
(35, 1, 35, 1, NULL, 1, NULL, 0),
(36, 1, 36, 1, 1, 1, 1, 0),
(37, 1, 37, 1, 1, 1, 1, 0),
(38, 1, 38, 1, NULL, 1, NULL, 0),
(39, 1, 39, 1, NULL, 1, 1, 0),
(40, 1, 40, 1, 1, 1, 1, 0),
(41, 1, 41, 1, NULL, NULL, NULL, 0),
(42, 1, 40, 1, 1, 1, 1, 1),
(43, 2, 1, 1, NULL, 1, NULL, 1),
(44, 2, 2, 1, 1, 1, 1, 1),
(45, 2, 3, 1, NULL, 1, NULL, 1),
(46, 2, 4, 1, NULL, 1, NULL, 1),
(47, 2, 5, 1, 1, 1, 1, 1),
(48, 2, 6, 1, NULL, 1, NULL, 1),
(49, 2, 7, 1, 1, 1, 1, 1),
(50, 2, 8, 1, 1, 1, 1, 1),
(51, 2, 9, 1, NULL, 1, NULL, 1),
(52, 2, 10, 1, 1, 1, 1, 1),
(53, 2, 11, 1, 1, 1, 1, 1),
(54, 2, 12, 1, NULL, 1, NULL, 1),
(55, 2, 13, 1, 1, 1, 1, 1),
(56, 2, 14, 1, 1, 1, 1, 1),
(57, 2, 15, 1, NULL, 1, NULL, 1),
(58, 2, 16, 1, NULL, NULL, NULL, 1),
(59, 2, 17, 1, 0, 0, 0, 1),
(60, 2, 18, 1, 0, 0, 0, 1),
(61, 2, 19, 1, NULL, NULL, NULL, 1),
(62, 2, 20, 1, 0, 0, 0, 1),
(63, 2, 21, 1, 0, 0, 0, 1),
(64, 2, 22, 1, NULL, NULL, NULL, 1),
(65, 2, 23, 1, 0, 0, 0, 1),
(66, 2, 24, 1, 0, 0, 0, 1),
(67, 2, 25, 1, NULL, NULL, NULL, 1),
(68, 2, 26, 1, NULL, NULL, NULL, 1),
(69, 2, 27, 1, 0, 0, 0, 1),
(70, 2, 28, 1, 0, 0, 0, 1),
(71, 2, 29, 1, 1, 1, 1, 1),
(72, 2, 30, 1, 1, 1, 1, 1),
(73, 2, 31, 1, 1, 1, 1, 1),
(74, 2, 32, 1, 1, 1, 1, 1),
(75, 2, 33, 1, 1, 1, 1, 1),
(76, 2, 34, 1, 1, 1, 1, 1),
(77, 2, 35, 1, NULL, 1, NULL, 1),
(78, 2, 36, 1, 1, 1, 1, 1),
(79, 2, 37, 1, 1, 1, 1, 1),
(80, 2, 38, 1, NULL, 1, NULL, 1),
(81, 2, 39, 1, NULL, 1, 1, 1),
(82, 2, 40, 1, 0, 0, 0, 1),
(83, 2, 41, 1, NULL, NULL, NULL, 1),
(84, 3, 1, 1, NULL, 1, NULL, 0),
(85, 3, 2, 1, 1, 1, 1, 0),
(86, 3, 3, 1, NULL, 1, NULL, 0),
(87, 3, 4, 1, NULL, 1, NULL, 0),
(88, 3, 5, 1, 1, 1, 1, 0),
(89, 3, 6, 1, NULL, 1, NULL, 0),
(90, 3, 7, 1, 1, 1, 1, 0),
(91, 3, 8, 1, 1, 1, 1, 0),
(92, 3, 9, 1, NULL, 1, NULL, 0),
(93, 3, 10, 1, 1, 1, 1, 0),
(94, 3, 11, 1, 1, 1, 1, 0),
(95, 3, 12, 1, NULL, 1, NULL, 0),
(96, 3, 13, 1, 1, 1, 1, 0),
(97, 3, 14, 1, 1, 1, 1, 0),
(98, 3, 15, 1, NULL, 1, NULL, 0),
(99, 3, 16, 1, NULL, NULL, NULL, 0),
(100, 3, 17, 1, 0, 0, 0, 0),
(101, 3, 18, 1, 0, 0, 0, 0),
(102, 3, 19, 0, 0, 0, 0, 0),
(103, 3, 20, 0, 0, 0, 0, 0),
(104, 3, 21, 0, 0, 0, 0, 0),
(105, 3, 22, 1, NULL, NULL, NULL, 0),
(106, 3, 23, 1, 0, 0, 0, 0),
(107, 3, 24, 1, 0, 0, 0, 0),
(108, 3, 25, 1, NULL, NULL, NULL, 0),
(109, 3, 26, 1, NULL, NULL, NULL, 0),
(110, 3, 27, 1, 0, 0, 0, 0),
(111, 3, 28, 1, 0, 0, 0, 0),
(112, 3, 29, 1, 1, 1, 1, 0),
(113, 3, 30, 1, 1, 1, 1, 0),
(114, 3, 31, 1, 1, 1, 1, 0),
(115, 3, 32, 1, 1, 1, 1, 0),
(116, 3, 33, 1, 1, 1, 1, 0),
(117, 3, 34, 1, 1, 1, 1, 0),
(118, 3, 35, 1, NULL, 1, NULL, 0),
(119, 3, 36, 1, 1, 1, 1, 0),
(120, 3, 37, 1, 1, 1, 1, 0),
(121, 3, 38, 1, NULL, 1, NULL, 0),
(122, 3, 39, 1, NULL, 1, 1, 0),
(123, 3, 40, 1, 0, 0, 0, 0),
(124, 3, 41, 1, NULL, NULL, NULL, 0),
(125, 3, 1, 1, NULL, 1, NULL, 1),
(126, 3, 2, 1, 1, 1, 1, 1),
(127, 3, 3, 1, NULL, 1, NULL, 1),
(128, 3, 4, 1, NULL, 1, NULL, 1),
(129, 3, 5, 1, 1, 1, 1, 1),
(130, 3, 6, 1, NULL, 1, NULL, 1),
(131, 3, 7, 1, 1, 1, 1, 1),
(132, 3, 8, 1, 1, 1, 1, 1),
(133, 3, 9, 1, NULL, 1, NULL, 1),
(134, 3, 10, 1, 1, 1, 1, 1),
(135, 3, 11, 1, 1, 1, 1, 1),
(136, 3, 12, 1, NULL, 1, NULL, 1),
(137, 3, 13, 1, 1, 1, 1, 1),
(138, 3, 14, 1, 1, 1, 1, 1),
(139, 3, 15, 1, NULL, 1, NULL, 1),
(140, 3, 16, 1, NULL, NULL, NULL, 1),
(141, 3, 17, 1, 0, 0, 0, 1),
(142, 3, 18, 1, 0, 0, 0, 1),
(143, 3, 19, 1, 0, 0, 0, 1),
(144, 3, 20, 1, 0, 0, 0, 1),
(145, 3, 21, 1, 0, 0, 0, 1),
(146, 3, 22, 1, NULL, NULL, NULL, 1),
(147, 3, 23, 1, 0, 0, 0, 1),
(148, 3, 24, 1, 0, 0, 0, 1),
(149, 3, 25, 1, NULL, NULL, NULL, 1),
(150, 3, 26, 1, NULL, NULL, NULL, 1),
(151, 3, 27, 1, 0, 0, 0, 1),
(152, 3, 28, 1, 0, 0, 0, 1),
(153, 3, 29, 1, 1, 1, 1, 1),
(154, 3, 30, 1, 1, 1, 1, 1),
(155, 3, 31, 1, 1, 1, 1, 1),
(156, 3, 32, 1, 1, 1, 1, 1),
(157, 3, 33, 1, 1, 1, 1, 1),
(158, 3, 34, 1, 1, 1, 1, 1),
(159, 3, 35, 1, NULL, 1, NULL, 1),
(160, 3, 36, 1, 1, 1, 1, 1),
(161, 3, 37, 1, 1, 1, 1, 1),
(162, 3, 38, 1, NULL, 1, NULL, 1),
(163, 3, 39, 1, NULL, 1, 1, 1),
(164, 3, 40, 1, 0, 0, 0, 1),
(165, 3, 41, 1, NULL, NULL, NULL, 1),
(166, 1, 42, 1, 1, 1, 1, 0),
(167, 2, 42, 0, 0, 0, 0, 0),
(168, 3, 42, 0, 0, 0, 0, 0),
(169, 1, 43, 1, 1, 1, 1, 0),
(170, 2, 43, 0, 0, 0, 0, 0),
(171, 3, 43, 0, 0, 0, 0, 0),
(172, 1, 44, 1, 1, 1, 1, 0),
(173, 2, 44, 0, 0, 0, 0, 0),
(174, 3, 44, 0, 0, 0, 0, 0),
(175, 1, 45, 1, 1, 1, 1, 0),
(176, 2, 45, 0, 0, 0, 0, 0),
(177, 3, 45, 0, 0, 0, 0, 0),
(178, 4, 45, 1, 0, 0, 0, 0),
(179, 1, 46, 1, 1, 1, 1, 0),
(180, 2, 46, 0, 0, 0, 0, 0),
(181, 3, 46, 0, 0, 0, 0, 0),
(182, 1, 47, 1, NULL, 1, NULL, 0),
(183, 2, 47, 0, 0, 0, 0, 0),
(184, 3, 47, 0, 0, 0, 0, 0),
(185, 1, 48, 1, 0, 0, 0, 0),
(186, 2, 48, 0, 0, 0, 0, 0),
(187, 2, 48, 1, 0, 0, 0, 1),
(188, 3, 48, 1, 0, 0, 0, 0),
(189, 1, 49, 1, 0, 0, 0, 0),
(190, 2, 49, 0, 0, 0, 0, 0),
(191, 3, 49, 0, 0, 0, 0, 0),
(192, 4, 49, 1, 0, 0, 0, 0),
(193, 1, 50, 1, 0, 0, 0, 0),
(194, 2, 50, 0, 0, 0, 0, 0),
(195, 3, 50, 1, 0, 0, 0, 0),
(196, 1, 51, 1, 0, 0, 0, 0),
(197, 2, 51, 0, 0, 0, 0, 0),
(198, 3, 51, 1, 0, 0, 0, 0),
(199, 1, 52, 1, NULL, 1, NULL, 0),
(200, 2, 52, 0, 0, 0, 0, 0),
(201, 3, 52, 0, 0, 0, 0, 0),
(202, 1, 53, 1, 1, 1, 1, 0),
(203, 2, 53, 0, 0, 0, 0, 0),
(204, 3, 53, 0, 0, 0, 0, 0),
(205, 1, 54, 1, 0, 1, 0, 0),
(206, 2, 54, 0, 0, 0, 0, 0),
(207, 3, 54, 0, 0, 0, 0, 0),
(208, 1, 55, 1, 1, 1, 1, 0),
(209, 2, 55, 0, 0, 0, 0, 0),
(210, 3, 55, 0, 0, 0, 0, 0),
(211, 1, 56, 1, 1, 1, 1, 0),
(212, 2, 56, 0, 0, 0, 0, 0),
(213, 3, 56, 0, 0, 0, 0, 0),
(214, 1, 57, 1, 1, 1, 1, 0),
(215, 6, 57, 1, 1, 1, 1, 0),
(216, 5, 57, 1, 0, 1, 0, 0),
(217, 1, 58, 1, 0, 0, 0, 0),
(218, 2, 58, 0, 0, 0, 0, 0),
(219, 2, 58, 1, 0, 0, 0, 1),
(220, 3, 58, 1, 0, 0, 0, 0),
(221, 1, 59, 1, 0, 0, 0, 0),
(222, 2, 59, 1, 0, 0, 0, 1),
(223, 3, 59, 1, 0, 0, 0, 0),
(224, 1, 60, 0, 1, 0, 0, 0),
(225, 2, 60, 0, 1, 0, 0, 1),
(226, 3, 60, 0, 1, 0, 0, 0),
(227, 1, 61, 1, 1, 1, 1, 1),
(228, 1, 62, 1, 1, 0, 1, 0),
(229, 2, 62, 1, 0, 0, 0, 0),
(230, 3, 62, 1, 0, 0, 0, 0),
(231, 2, 63, 1, 1, 1, 0, 0),
(232, 3, 63, 1, 1, 1, 0, 0),
(233, 1, 64, 1, 1, 1, 0, 0),
(234, 1, 65, 1, 0, 0, 0, 0),
(235, 2, 65, 1, 0, 0, 0, 0),
(236, 1, 66, 1, 0, 0, 0, 0),
(237, 2, 66, 1, 0, 0, 0, 0),
(238, 1, 67, 1, 1, 1, 1, 0),
(239, 2, 67, 1, 0, 0, 0, 0),
(240, 1, 68, 1, 1, 1, 1, 0),
(241, 3, 68, 1, 0, 0, 0, 0),
(242, 1, 69, 1, 1, 1, 1, 0),
(243, 1, 70, 1, 0, 0, 0, 0),
(244, 2, 70, 1, 0, 0, 0, 0),
(245, 1, 71, 1, 1, 1, 1, 0),
(246, 3, 71, 1, 0, 0, 0, 0),
(247, 1, 72, 1, 1, 1, 1, 0),
(248, 1, 73, 1, 1, 1, 1, 0),
(249, 1, 74, 1, 1, 1, 1, 0),
(250, 1, 75, 1, 1, 1, 1, 0),
(251, 1, 76, 1, 0, 1, 0, 0),
(252, 1, 77, 1, 1, 1, 1, 0),
(253, 1, 78, 1, 0, 0, 0, 0),
(254, 1, 79, 1, 1, 1, 1, 0),
(255, 1, 80, 1, 1, 1, 1, 0),
(256, 3, 80, 1, 0, 0, 0, 0),
(257, 1, 81, 1, 1, 1, 1, 0),
(258, 1, 82, 1, 0, 1, 0, 0),
(259, 1, 83, 1, 1, 1, 1, 0),
(260, 1, 84, 1, 1, 1, 1, 0),
(261, 1, 85, 1, 1, 1, 1, 0),
(262, 1, 86, 1, 0, 1, 0, 0),
(263, 1, 87, 1, 1, 1, 1, 0),
(264, 1, 88, 1, 0, 0, 0, 0),
(265, 1, 89, 1, 0, 1, 0, 0),
(266, 1, 90, 1, 1, 1, 1, 0),
(267, 1, 91, 1, 0, 0, 0, 0),
(268, 1, 92, 1, 1, 1, 1, 0),
(269, 1, 93, 1, 1, 1, 1, 0),
(270, 1, 94, 1, 1, 1, 1, 0),
(271, 1, 95, 1, 1, 1, 1, 0),
(272, 1, 96, 1, 1, 0, 1, 0),
(273, 2, 96, 1, 0, 0, 0, 1),
(274, 3, 96, 1, 0, 0, 0, 0),
(275, 3, 96, 1, 0, 0, 0, 1),
(276, 1, 97, 1, 1, 1, 1, 0),
(277, 2, 97, 1, 1, 1, 1, 1),
(278, 3, 97, 1, 1, 1, 1, 0),
(279, 3, 97, 1, 1, 1, 1, 1),
(280, 1, 98, 1, 0, 1, 0, 0),
(281, 2, 98, 1, 0, 1, 0, 1),
(282, 3, 98, 1, 0, 1, 0, 0),
(283, 3, 98, 1, 0, 1, 0, 1),
(284, 1, 99, 1, 1, 1, 1, 0),
(285, 2, 99, 1, 1, 1, 1, 1),
(286, 3, 99, 1, 1, 1, 1, 0),
(287, 3, 99, 1, 1, 1, 1, 1),
(288, 1, 100, 1, 1, 1, 1, 0),
(289, 2, 100, 1, 1, 1, 1, 1),
(290, 3, 100, 1, 1, 1, 1, 0),
(291, 3, 100, 1, 1, 1, 1, 1),
(292, 1, 101, 1, 1, 1, 1, 0),
(293, 2, 101, 1, 1, 1, 1, 1),
(294, 3, 101, 1, 1, 1, 1, 0),
(295, 3, 101, 1, 1, 1, 1, 1),
(296, 1, 102, 1, 0, 1, 0, 0),
(297, 2, 102, 1, 0, 0, 0, 1),
(298, 3, 102, 1, 0, 0, 0, 0),
(299, 3, 102, 1, 0, 0, 0, 1),
(300, 1, 103, 1, 1, 1, 1, 0),
(301, 2, 103, 1, 1, 1, 1, 1),
(302, 3, 103, 1, 1, 1, 1, 0),
(303, 3, 103, 1, 1, 1, 1, 1),
(304, 1, 104, 1, 1, 1, 1, 0),
(305, 2, 104, 1, 1, 1, 1, 1),
(306, 3, 104, 1, 1, 1, 1, 0),
(307, 3, 104, 1, 1, 1, 1, 1),
(308, 1, 105, 1, 0, 1, 0, 0),
(309, 2, 105, 1, 0, 1, 0, 1),
(310, 3, 105, 1, 0, 1, 0, 0),
(311, 3, 105, 1, 0, 1, 0, 1),
(312, 1, 106, 1, 0, 1, 0, 0),
(313, 2, 106, 1, 0, 1, 0, 1),
(314, 3, 106, 1, 0, 1, 0, 0),
(315, 3, 106, 1, 0, 1, 0, 1),
(316, 1, 107, 1, 1, 1, 1, 0),
(317, 2, 107, 1, 0, 0, 0, 1),
(318, 3, 107, 1, 0, 0, 0, 1),
(319, 1, 108, 1, 1, 1, 1, 0),
(320, 2, 108, 1, 1, 1, 1, 1),
(321, 3, 108, 1, 1, 1, 1, 0),
(322, 3, 108, 1, 1, 1, 1, 1),
(323, 1, 109, 1, 1, 1, 1, 0),
(324, 2, 109, 1, 0, 0, 0, 1),
(325, 3, 109, 1, 0, 0, 0, 0),
(326, 3, 109, 1, 0, 0, 0, 1),
(327, 1, 110, 1, 1, 1, 1, 0),
(328, 2, 110, 1, 1, 1, 1, 1),
(329, 3, 110, 1, 1, 1, 1, 0),
(330, 3, 110, 1, 1, 1, 1, 1),
(331, 1, 111, 1, 0, 1, 0, 0),
(332, 2, 111, 1, 0, 0, 0, 1),
(333, 3, 111, 1, 0, 0, 0, 0),
(334, 3, 111, 1, 0, 0, 0, 1),
(335, 1, 112, 1, 1, 1, 1, 0),
(336, 2, 112, 1, 1, 1, 1, 1),
(337, 3, 112, 1, 1, 1, 1, 0),
(338, 3, 112, 1, 1, 1, 1, 1),
(339, 1, 113, 1, 0, 1, 0, 0),
(340, 2, 113, 1, 0, 1, 0, 1),
(341, 3, 113, 1, 0, 1, 0, 0),
(342, 3, 113, 1, 0, 1, 0, 1),
(343, 1, 114, 1, 0, 0, 0, 0),
(344, 2, 114, 1, 0, 0, 0, 1),
(345, 1, 115, 1, 0, 0, 0, 0),
(346, 2, 115, 1, 0, 0, 0, 1),
(347, 1, 116, 1, 0, 0, 0, 0),
(348, 2, 116, 1, 0, 0, 0, 1),
(349, 1, 117, 1, 1, 1, 1, 0),
(350, 2, 117, 1, 0, 0, 0, 1),
(351, 3, 117, 1, 0, 0, 0, 0),
(352, 3, 117, 1, 0, 0, 0, 1),
(353, 1, 118, 1, 1, 1, 1, 0),
(354, 2, 118, 1, 0, 0, 0, 1),
(355, 3, 118, 1, 0, 0, 0, 0),
(356, 3, 118, 1, 0, 0, 0, 1),
(357, 1, 119, 1, 0, 0, 0, 0),
(358, 2, 119, 1, 0, 0, 0, 1),
(359, 1, 120, 1, 1, 1, 1, 0),
(360, 2, 120, 1, 1, 1, 1, 1),
(361, 3, 120, 1, 1, 1, 1, 1),
(362, 3, 120, 1, 1, 1, 1, 0),
(363, 1, 121, 1, 0, 1, 0, 0),
(364, 1, 121, 1, 0, 0, 0, 1),
(365, 2, 121, 1, 0, 0, 0, 1),
(366, 2, 121, 1, 0, 0, 0, 0),
(367, 1, 122, 1, 0, 0, 0, 0),
(368, 3, 122, 1, 0, 0, 0, 0),
(369, 1, 123, 1, 0, 0, 0, 0),
(370, 1, 124, 1, 1, 0, 0, 0),
(371, 1, 125, 1, 1, 1, 1, 0),
(372, 1, 126, 1, 0, 0, 0, 0),
(373, 1, 127, 1, 0, 0, 0, 0),
(374, 1, 128, 0, 0, 1, 0, 1),
(375, 2, 128, 0, 0, 1, 0, 1),
(376, 1, 129, 1, 0, 0, 0, 1),
(377, 2, 129, 1, 0, 0, 0, 1),
(378, 1, 130, 1, 1, 1, 1, 0),
(379, 2, 130, 1, 0, 0, 0, 0),
(380, 1, 131, 1, 0, 1, 0, 0),
(381, 2, 131, 1, 0, 0, 0, 0),
(382, 1, 132, 1, 0, 0, 0, 1),
(383, 1, 132, 1, 0, 0, 0, 0),
(384, 2, 132, 1, 0, 0, 0, 1),
(385, 3, 132, 1, 0, 0, 0, 1),
(386, 3, 132, 1, 0, 0, 0, 0),
(387, 1, 133, 1, 1, 1, 1, 0),
(388, 3, 133, 1, 0, 0, 0, 0),
(389, 1, 134, 1, 0, 1, 0, 0),
(390, 2, 134, 1, 0, 0, 0, 0),
(391, 1, 135, 1, 1, 1, 0, 1),
(392, 2, 135, 1, 1, 1, 0, 1),
(393, 1, 136, 1, 1, 1, 0, 0),
(394, 2, 136, 0, 0, 1, 0, 0),
(395, 3, 136, 1, 1, 1, 0, 0),
(396, 1, 137, 0, 0, 1, 0, 0),
(397, 2, 137, 0, 0, 1, 0, 0),
(398, 1, 138, 1, 1, 1, 1, 1),
(399, 1, 138, 1, 1, 1, 1, 0),
(400, 2, 138, 1, 0, 0, 0, 1),
(401, 3, 138, 1, 0, 0, 0, 1),
(402, 3, 138, 1, 0, 0, 0, 0),
(403, 1, 139, 1, 0, 0, 0, 1),
(404, 1, 139, 1, 0, 0, 0, 0),
(405, 2, 139, 1, 0, 0, 0, 1),
(406, 3, 139, 1, 0, 0, 0, 1),
(407, 3, 139, 1, 0, 0, 0, 0),
(408, 1, 140, 1, 0, 0, 0, 0),
(409, 1, 141, 1, 0, 0, 0, 0),
(410, 1, 142, 1, 0, 0, 0, 1),
(411, 1, 142, 1, 0, 0, 0, 0),
(412, 2, 142, 1, 0, 0, 0, 1),
(413, 3, 142, 1, 0, 0, 0, 1),
(414, 3, 142, 1, 0, 0, 0, 0),
(415, 1, 143, 1, 1, 0, 0, 1),
(416, 1, 143, 1, 1, 0, 0, 0),
(417, 2, 143, 1, 1, 0, 0, 1),
(418, 3, 143, 1, 1, 0, 0, 1),
(419, 3, 143, 1, 1, 0, 0, 0),
(420, 1, 144, 1, 1, 0, 0, 0),
(421, 1, 144, 1, 1, 0, 0, 1),
(422, 2, 144, 1, 1, 0, 0, 1),
(423, 3, 144, 1, 1, 0, 0, 0),
(424, 3, 144, 1, 1, 0, 0, 1),
(425, 1, 145, 1, 0, 1, 0, 0),
(426, 1, 145, 1, 0, 1, 0, 1),
(427, 2, 145, 1, 0, 1, 0, 1),
(428, 3, 145, 1, 0, 1, 0, 0),
(429, 3, 145, 1, 0, 1, 0, 1),
(430, 1, 146, 0, 0, 1, 0, 0),
(431, 2, 146, 0, 0, 1, 0, 0),
(432, 1, 147, 1, 0, 0, 0, 0),
(433, 1, 147, 1, 0, 0, 0, 1),
(434, 2, 147, 1, 0, 0, 0, 1),
(435, 3, 147, 1, 0, 0, 0, 0),
(436, 3, 147, 1, 0, 0, 0, 1),
(437, 1, 148, 1, 0, 0, 0, 0),
(438, 2, 148, 1, 0, 0, 0, 1),
(439, 3, 148, 1, 0, 0, 0, 0),
(440, 1, 149, 1, 0, 1, 0, 0),
(441, 1, 149, 1, 0, 1, 0, 1),
(442, 2, 149, 1, 0, 0, 0, 1),
(443, 3, 149, 1, 0, 1, 0, 0),
(444, 3, 149, 1, 0, 0, 0, 1),
(445, 1, 150, 1, 0, 0, 0, 0),
(446, 3, 150, 1, 0, 0, 0, 0),
(447, 1, 151, 1, 0, 0, 0, 0),
(448, 3, 151, 1, 0, 0, 0, 0),
(449, 2, 152, 1, 0, 0, 0, 0),
(450, 1, 153, 1, 1, 1, 1, 0),
(451, 2, 153, 0, 0, 0, 0, 0),
(452, 3, 153, 0, 0, 0, 0, 0),
(453, 1, 154, 1, 0, 1, 0, 0),
(454, 1, 155, 1, 1, 1, 1, 0),
(455, 4, 155, 1, 0, 0, 0, 0),
(456, 1, 156, 1, 0, 0, 0, 0),
(457, 1, 157, 1, 1, 1, 1, 0),
(458, 2, 157, 1, 0, 0, 0, 0),
(459, 4, 157, 1, 1, 1, 1, 0),
(460, 1, 158, 1, 1, 1, 1, 0),
(461, 2, 158, 1, 0, 0, 0, 0),
(462, 4, 158, 1, 0, 0, 0, 0),
(463, 1, 159, 1, 0, 0, 0, 0),
(464, 1, 160, 1, 0, 1, 0, 1),
(465, 2, 160, 1, 0, 1, 0, 1),
(466, 1, 161, 1, 0, 1, 0, 1),
(467, 3, 161, 1, 0, 1, 0, 1),
(468, 1, 162, 1, 1, 1, 0, 0),
(469, 3, 162, 1, 1, 1, 0, 0),
(470, 2, 162, 1, 1, 1, 0, 0),
(471, 1, 163, 1, 0, 0, 0, 0),
(472, 2, 163, 1, 0, 0, 0, 0),
(473, 1, 164, 1, 1, 1, 0, 0),
(474, 2, 164, 1, 1, 1, 0, 0),
(475, 3, 164, 1, 1, 1, 0, 0),
(476, 1, 165, 1, 0, 0, 0, 0),
(477, 2, 165, 1, 0, 0, 0, 0),
(478, 1, 166, 1, 0, 0, 0, 0),
(479, 4, 166, 1, 0, 0, 0, 0),
(480, 1, 167, 1, 0, 0, 0, 0),
(481, 2, 167, 1, 0, 0, 0, 0),
(482, 1, 168, 1, 1, 0, 0, 0),
(483, 4, 168, 1, 1, 0, 0, 0),
(484, 1, 169, 1, 1, 1, 0, 0),
(485, 3, 169, 1, 1, 1, 0, 0),
(486, 1, 170, 1, 0, 0, 0, 0),
(487, 3, 170, 1, 0, 0, 0, 0),
(488, 1, 171, 1, 0, 0, 0, 0),
(489, 2, 171, 1, 0, 0, 0, 0),
(490, 1, 172, 1, 0, 0, 0, 0),
(491, 4, 172, 1, 0, 0, 0, 0),
(492, 3, 172, 1, 0, 0, 0, 0),
(493, 1, 173, 1, 0, 0, 0, 0),
(494, 4, 173, 1, 0, 0, 0, 0),
(495, 3, 173, 1, 0, 0, 0, 0),
(496, 1, 174, 1, 0, 0, 0, 0),
(497, 4, 174, 1, 0, 0, 0, 0),
(498, 1, 175, 1, 0, 1, 0, 0),
(499, 1, 176, 1, 0, 0, 0, 0),
(500, 2, 176, 1, 0, 0, 0, 0),
(501, 1, 177, 1, 0, 0, 0, 0),
(502, 2, 177, 1, 0, 0, 0, 0),
(503, 1, 178, 1, 0, 0, 0, 0),
(504, 2, 178, 1, 0, 0, 0, 0),
(505, 1, 179, 1, 1, 1, 1, 1),
(506, 2, 179, 1, 1, 1, 1, 1),
(507, 1, 180, 1, 1, 1, 1, 0),
(508, 1, 180, 1, 0, 0, 0, 1),
(509, 3, 180, 1, 1, 1, 1, 0),
(510, 3, 180, 0, 0, 0, 0, 1),
(511, 1, 181, 1, 0, 0, 0, 0),
(512, 2, 181, 1, 0, 0, 0, 0),
(513, 1, 182, 1, 0, 0, 0, 0),
(514, 2, 182, 1, 0, 0, 0, 0),
(515, 1, 183, 1, 0, 1, 0, 0),
(516, 2, 183, 1, 0, 1, 0, 0),
(517, 1, 184, 1, 0, 0, 0, 0),
(518, 2, 184, 1, 0, 0, 0, 0),
(519, 1, 185, 1, 0, 0, 0, 0),
(520, 2, 185, 1, 0, 0, 0, 0),
(521, 1, 186, 1, 0, 0, 0, 0),
(522, 1, 186, 1, 0, 0, 0, 1),
(523, 3, 186, 1, 0, 0, 0, 0),
(524, 3, 186, 0, 0, 0, 0, 1),
(525, 1, 187, 1, 0, 0, 1, 0),
(526, 1, 188, 1, 0, 1, 0, 0),
(527, 1, 189, 1, 0, 0, 0, 1),
(528, 2, 189, 1, 0, 0, 0, 1),
(529, 1, 190, 1, 1, 1, 1, 0),
(530, 4, 190, 1, 1, 1, 1, 0),
(531, 1, 191, 1, 0, 0, 0, 0),
(532, 1, 192, 1, 0, 0, 0, 0),
(533, 1, 51, 1, 0, 0, 0, 1),
(534, 1, 50, 1, 0, 0, 0, 1),
(535, 3, 50, 0, 0, 0, 0, 1),
(536, 1, 193, 1, 1, 1, 1, 0),
(537, 1, 194, 1, 0, 0, 0, 0),
(538, 1, 195, 1, 1, 1, 1, 0),
(539, 1, 196, 1, 0, 0, 0, 0),
(540, 2, 196, 1, 0, 0, 0, 0),
(541, 1, 197, 1, 0, 0, 0, 1),
(542, 2, 197, 1, 0, 0, 0, 1),
(543, 1, 198, 1, 0, 0, 0, 0),
(544, 2, 198, 1, 0, 0, 0, 0),
(545, 1, 199, 1, 0, 0, 0, 0),
(546, 2, 199, 1, 0, 0, 0, 0),
(547, 1, 200, 1, 0, 0, 0, 0),
(548, 3, 200, 1, 0, 0, 0, 0),
(549, 1, 201, 1, 1, 1, 1, 0),
(550, 1, 202, 1, 1, 1, 1, 0),
(551, 2, 202, 1, 1, 1, 1, 1),
(552, 1, 203, 1, 0, 0, 0, 0),
(553, 3, 203, 1, 0, 0, 0, 0),
(554, 2, 203, 1, 0, 0, 0, 0),
(555, 1, 204, 1, 0, 0, 0, 0),
(556, 3, 204, 1, 0, 0, 0, 0),
(557, 2, 204, 1, 0, 0, 0, 0),
(558, 1, 205, 1, 0, 1, 0, 0),
(559, 3, 205, 1, 0, 1, 0, 0),
(560, 2, 205, 1, 0, 0, 0, 0),
(561, 1, 206, 1, 0, 1, 0, 0),
(562, 3, 206, 1, 0, 1, 0, 0),
(563, 2, 206, 1, 0, 1, 0, 0),
(564, 1, 207, 1, 0, 1, 0, 0),
(565, 3, 207, 1, 0, 1, 0, 0),
(566, 2, 207, 1, 0, 0, 0, 0),
(567, 1, 208, 1, 1, 1, 1, 0),
(568, 6, 208, 1, 0, 0, 0, 0),
(569, 5, 208, 1, 0, 0, 0, 0),
(570, 1, 209, 1, 1, 1, 1, 0),
(571, 1, 210, 1, 1, 1, 1, 0),
(572, 6, 210, 1, 1, 1, 1, 0),
(573, 5, 210, 1, 0, 0, 0, 0),
(574, 1, 211, 1, 1, 1, 1, 0),
(575, 6, 211, 1, 1, 1, 1, 0),
(576, 5, 211, 1, 0, 0, 0, 0),
(577, 1, 212, 1, 0, 0, 0, 0),
(578, 6, 212, 1, 0, 0, 0, 0),
(579, 5, 212, 1, 0, 0, 0, 0),
(580, 1, 213, 1, 0, 0, 0, 0),
(581, 6, 213, 1, 0, 0, 0, 0),
(582, 5, 213, 1, 0, 0, 0, 0),
(583, 1, 214, 1, 0, 0, 0, 0),
(584, 6, 214, 1, 0, 0, 0, 0),
(585, 5, 214, 1, 0, 0, 0, 0),
(586, 1, 215, 0, 0, 1, 0, 0),
(587, 6, 215, 0, 0, 1, 0, 0),
(588, 1, 216, 0, 0, 1, 0, 0),
(589, 6, 216, 0, 0, 1, 0, 0),
(590, 1, 217, 1, 1, 1, 0, 0),
(591, 6, 217, 1, 1, 1, 0, 0),
(592, 5, 217, 1, 0, 1, 0, 0),
(593, 1, 218, 1, 1, 1, 1, 0),
(594, 6, 218, 1, 1, 1, 1, 0),
(595, 5, 218, 1, 1, 1, 1, 0),
(596, 1, 219, 0, 0, 1, 0, 0),
(597, 6, 219, 0, 0, 1, 0, 0),
(598, 5, 219, 1, 0, 1, 0, 0),
(599, 1, 220, 0, 0, 1, 0, 0),
(600, 6, 220, 0, 0, 1, 0, 0),
(601, 5, 220, 0, 0, 1, 0, 0),
(602, 1, 221, 0, 0, 1, 0, 0),
(603, 6, 221, 0, 0, 1, 0, 0),
(604, 1, 222, 0, 0, 1, 0, 0),
(605, 6, 222, 0, 0, 1, 0, 0),
(606, 1, 223, 0, 0, 1, 0, 0),
(607, 6, 223, 0, 0, 1, 0, 0),
(608, 1, 224, 1, 0, 1, 0, 0),
(609, 6, 224, 1, 0, 1, 0, 0),
(610, 5, 224, 1, 0, 1, 0, 0),
(611, 1, 225, 1, 0, 0, 0, 0),
(612, 2, 225, 1, 0, 0, 0, 0),
(613, 1, 226, 1, 0, 1, 0, 0),
(614, 1, 227, 1, 0, 1, 0, 0),
(615, 1, 228, 0, 0, 1, 0, 0),
(616, 1, 229, 1, 0, 0, 0, 0),
(617, 1, 230, 1, 0, 0, 0, 0),
(618, 2, 230, 1, 0, 0, 0, 0),
(619, 1, 231, 1, 0, 1, 1, 0),
(620, 1, 232, 0, 1, 0, 0, 0),
(621, 1, 233, 1, 0, 0, 1, 0),
(622, 1, 234, 1, 1, 1, 1, 0),
(623, 1, 234, 1, 1, 1, 1, 1),
(624, 2, 234, 1, 1, 1, 1, 1),
(625, 5, 71, 1, 0, 0, 0, 0),
(626, 6, 71, 1, 0, 0, 0, 0),
(627, 1, 235, 1, 0, 0, 0, 0),
(628, 2, 235, 1, 0, 0, 0, 1),
(629, 1, 236, 1, 0, 0, 0, 0),
(630, 1, 237, 1, 0, 0, 0, 0),
(631, 1, 238, 1, 0, 0, 0, 0),
(632, 2, 238, 1, 0, 0, 0, 0),
(633, 1, 239, 1, 0, 0, 0, 0),
(634, 2, 239, 1, 0, 0, 0, 0),
(635, 1, 240, 1, 0, 0, 0, 0),
(636, 2, 240, 1, 0, 0, 0, 0),
(637, 1, 241, 1, 0, 1, 0, 0),
(638, 1, 242, 1, 0, 1, 0, 0),
(639, 1, 243, 0, 1, 0, 0, 0),
(640, 1, 244, 1, 1, 0, 0, 0),
(641, 1, 245, 1, 0, 0, 0, 0),
(642, 1, 246, 1, 0, 0, 0, 0),
(643, 1, 247, 1, 0, 0, 0, 0),
(644, 2, 247, 1, 0, 0, 0, 0),
(645, 1, 248, 1, 0, 0, 0, 0),
(646, 2, 248, 1, 0, 0, 0, 0),
(647, 1, 249, 1, 0, 1, 0, 0);

-- --------------------------------------------------------
--
-- Dumping data for table `ohrm_user_role_screen`
--

INSERT INTO `ohrm_user_role_screen` (`id`, `user_role_id`, `screen_id`, `can_read`, `can_create`, `can_update`, `can_delete`) VALUES
(1, 1, 1, 1, 1, 1, 1),
(2, 1, 2, 1, 1, 1, 1),
(3, 2, 2, 0, 0, 0, 0),
(4, 3, 2, 0, 0, 0, 0),
(5, 1, 3, 1, 1, 1, 1),
(6, 2, 3, 0, 0, 0, 0),
(7, 3, 3, 0, 0, 0, 0),
(8, 1, 4, 1, 1, 1, 1),
(9, 1, 5, 1, 1, 1, 1),
(10, 3, 5, 1, 0, 0, 0),
(11, 1, 6, 1, 0, 0, 1),
(12, 1, 7, 1, 1, 1, 1),
(13, 1, 8, 1, 1, 1, 1),
(14, 1, 9, 1, 1, 1, 1),
(15, 1, 10, 1, 1, 1, 1),
(16, 1, 11, 1, 1, 1, 1),
(17, 1, 12, 1, 1, 1, 1),
(18, 1, 13, 1, 1, 1, 1),
(19, 1, 14, 1, 1, 1, 1),
(20, 1, 16, 1, 1, 1, 0),
(21, 3, 16, 1, 1, 1, 0),
(22, 1, 17, 1, 1, 1, 0),
(23, 3, 17, 1, 1, 1, 0),
(24, 1, 18, 1, 1, 1, 0),
(25, 2, 18, 1, 0, 0, 0),
(26, 3, 18, 1, 0, 0, 0),
(27, 1, 19, 1, 1, 1, 1),
(28, 1, 20, 1, 1, 1, 1),
(29, 1, 21, 1, 1, 1, 1),
(30, 1, 22, 1, 1, 1, 1),
(31, 1, 23, 1, 1, 1, 1),
(32, 1, 24, 1, 1, 1, 1),
(33, 1, 25, 1, 1, 1, 1),
(34, 1, 26, 1, 1, 1, 1),
(35, 1, 27, 1, 1, 1, 1),
(36, 1, 28, 1, 1, 1, 1),
(37, 1, 29, 1, 1, 1, 1),
(38, 1, 30, 1, 1, 1, 1),
(39, 1, 31, 1, 1, 1, 1),
(40, 1, 32, 1, 1, 1, 1),
(41, 1, 33, 1, 1, 1, 1),
(42, 1, 34, 1, 1, 1, 1),
(43, 1, 35, 1, 1, 1, 1),
(44, 1, 36, 1, 1, 1, 1),
(45, 1, 37, 1, 1, 1, 1),
(46, 4, 37, 1, 0, 0, 0),
(47, 1, 38, 1, 1, 1, 1),
(48, 1, 39, 1, 1, 1, 1),
(49, 1, 40, 1, 1, 1, 1),
(50, 1, 41, 1, 1, 1, 1),
(51, 1, 42, 1, 1, 1, 1),
(52, 1, 43, 1, 1, 1, 1),
(53, 1, 44, 1, 1, 1, 1),
(54, 1, 45, 1, 1, 1, 1),
(55, 2, 46, 1, 1, 1, 1),
(56, 1, 47, 1, 1, 1, 1),
(57, 2, 48, 1, 1, 1, 0),
(58, 2, 49, 1, 1, 1, 1),
(59, 1, 50, 1, 1, 1, 1),
(60, 2, 51, 1, 1, 1, 1),
(61, 1, 52, 1, 1, 1, 1),
(62, 3, 52, 1, 1, 1, 1),
(63, 2, 53, 1, 1, 0, 0),
(64, 2, 54, 1, 1, 1, 1),
(65, 1, 55, 1, 1, 0, 1),
(66, 3, 55, 1, 1, 0, 0),
(67, 1, 56, 1, 1, 1, 1),
(68, 1, 57, 1, 1, 1, 1),
(69, 4, 57, 1, 1, 1, 1),
(70, 1, 58, 1, 1, 1, 1),
(71, 3, 58, 1, 1, 1, 1),
(72, 1, 59, 1, 1, 1, 1),
(73, 3, 59, 1, 1, 1, 1),
(74, 1, 60, 1, 1, 1, 1),
(75, 6, 60, 1, 1, 1, 1),
(76, 5, 60, 1, 0, 1, 0),
(77, 1, 61, 1, 1, 1, 1),
(78, 1, 67, 1, 1, 1, 1),
(79, 2, 67, 1, 0, 1, 0),
(80, 3, 67, 1, 0, 1, 0),
(81, 1, 68, 1, 1, 1, 1),
(82, 2, 68, 1, 0, 1, 0),
(83, 3, 68, 1, 0, 1, 0),
(84, 1, 69, 1, 1, 1, 1),
(85, 3, 69, 1, 0, 0, 0),
(86, 2, 70, 1, 0, 0, 0),
(87, 1, 71, 1, 0, 0, 1),
(88, 1, 72, 1, 1, 1, 0),
(89, 1, 73, 1, 0, 1, 0),
(90, 1, 74, 1, 1, 1, 1),
(91, 1, 75, 1, 1, 1, 1),
(92, 3, 75, 1, 1, 1, 1),
(93, 1, 76, 1, 1, 1, 1),
(94, 5, 76, 1, 1, 1, 1),
(95, 6, 76, 1, 1, 1, 1),
(96, 1, 78, 1, 0, 0, 0),
(97, 3, 78, 1, 0, 0, 0),
(98, 2, 79, 1, 0, 0, 0),
(99, 1, 80, 1, 1, 1, 1),
(100, 1, 81, 1, 1, 1, 1),
(101, 1, 82, 1, 1, 1, 1),
(102, 1, 83, 1, 1, 1, 1),
(103, 1, 84, 1, 1, 1, 1),
(104, 1, 85, 1, 1, 1, 1),
(105, 1, 86, 1, 1, 1, 1),
(106, 1, 87, 1, 1, 1, 1),
(107, 1, 88, 1, 1, 1, 1),
(108, 4, 88, 1, 1, 1, 1),
(109, 1, 89, 1, 1, 1, 1),
(110, 1, 90, 1, 1, 1, 1),
(111, 4, 90, 1, 1, 1, 1),
(112, 1, 91, 1, 1, 1, 1),
(113, 4, 91, 1, 1, 1, 1),
(114, 1, 92, 1, 1, 1, 1),
(115, 1, 93, 1, 1, 1, 1),
(116, 1, 94, 1, 1, 1, 1),
(117, 1, 95, 1, 1, 1, 1),
(118, 1, 96, 1, 1, 1, 1),
(119, 5, 96, 1, 1, 1, 1),
(120, 6, 96, 1, 1, 1, 1),
(121, 1, 97, 1, 1, 1, 1),
(122, 6, 97, 1, 1, 1, 1),
(123, 1, 98, 1, 1, 1, 1),
(124, 2, 98, 1, 1, 1, 1),
(125, 3, 98, 1, 1, 1, 1),
(126, 1, 99, 1, 0, 1, 0),
(127, 2, 99, 1, 0, 1, 0),
(128, 3, 99, 1, 0, 1, 0),
(129, 1, 100, 1, 0, 0, 0),
(130, 1, 101, 1, 1, 1, 1),
(131, 3, 101, 1, 1, 1, 1),
(132, 1, 102, 1, 1, 1, 1),
(133, 4, 102, 1, 1, 1, 1),
(134, 1, 103, 1, 0, 0, 0),
(135, 2, 103, 1, 0, 0, 0),
(136, 1, 104, 1, 1, 1, 0),
(137, 1, 105, 1, 1, 1, 1),
(138, 1, 107, 1, 1, 1, 0),
(139, 1, 109, 1, 1, 1, 0),
(140, 1, 111, 1, 1, 1, 1),
(141, 3, 110, 1, 0, 1, 0),
(142, 2, 108, 1, 1, 1, 0),
(143, 2, 106, 1, 0, 1, 0),
(144, 3, 109, 1, 1, 1, 0),
(145, 2, 109, 1, 1, 1, 0),
(146, 1, 112, 1, 1, 1, 1),
(147, 2, 112, 0, 0, 0, 0),
(148, 1, 113, 1, 1, 1, 1),
(149, 7, 113, 1, 1, 1, 0),
(150, 1, 114, 0, 0, 0, 0),
(151, 2, 114, 1, 0, 1, 0),
(152, 1, 115, 1, 1, 1, 0),
(153, 2, 115, 1, 0, 0, 0),
(154, 1, 116, 1, 1, 1, 1),
(155, 2, 116, 1, 1, 1, 1),
(156, 1, 117, 1, 1, 1, 0),
(157, 1, 119, 1, 1, 1, 1),
(158, 1, 120, 1, 0, 0, 0),
(159, 1, 121, 1, 0, 0, 0),
(160, 1, 122, 1, 0, 0, 0),
(161, 2, 122, 1, 0, 0, 0),
(162, 3, 122, 1, 0, 0, 0),
(163, 1, 123, 1, 1, 1, 1),
(164, 2, 123, 1, 1, 1, 1),
(165, 3, 123, 1, 1, 1, 1),
(166, 1, 124, 1, 1, 1, 0),
(167, 1, 125, 1, 1, 1, 0),
(168, 1, 126, 1, 1, 1, 0),
(169, 1, 127, 1, 1, 1, 0),
(170, 1, 128, 1, 1, 1, 1),
(171, 1, 129, 1, 1, 1, 1),
(172, 1, 130, 1, 0, 0, 0),
(173, 2, 130, 1, 0, 0, 0),
(174, 1, 131, 1, 0, 0, 0),
(175, 1, 132, 1, 0, 0, 0),
(176, 1, 133, 1, 0, 0, 0),
(177, 1, 134, 1, 0, 0, 0),
(178, 1, 135, 1, 0, 0, 0),
(179, 1, 136, 1, 0, 0, 0),
(180, 1, 137, 1, 0, 0, 0),
(181, 1, 138, 1, 0, 0, 0),
(182, 1, 139, 1, 0, 0, 0),
(183, 1, 140, 1, 0, 0, 0),
(184, 1, 141, 1, 0, 0, 0),
(185, 1, 142, 1, 0, 0, 0),
(186, 1, 143, 1, 0, 0, 0),
(187, 1, 144, 1, 0, 0, 0),
(188, 2, 145, 1, 0, 0, 0),
(189, 2, 146, 1, 0, 0, 0),
(190, 2, 147, 1, 0, 0, 0),
(191, 2, 148, 1, 0, 0, 0),
(192, 1, 149, 1, 0, 0, 0),
(193, 3, 149, 1, 0, 0, 0),
(194, 1, 150, 1, 0, 0, 0),
(195, 3, 150, 1, 0, 0, 0),
(196, 1, 118, 1, 1, 1, 1),
(197, 1, 151, 1, 0, 0, 0),
(198, 1, 152, 1, 0, 0, 0),
(199, 1, 153, 1, 0, 0, 0),
(200, 1, 154, 1, 0, 0, 0),
(201, 6, 154, 1, 0, 0, 0),
(202, 5, 154, 1, 0, 0, 0),
(203, 1, 155, 1, 0, 0, 0),
(204, 6, 155, 1, 0, 0, 0),
(205, 5, 155, 1, 0, 0, 0),
(206, 1, 156, 1, 0, 0, 0),
(207, 6, 156, 1, 0, 0, 0),
(208, 5, 156, 1, 0, 0, 0),
(209, 1, 110, 1, 0, 1, 0),
(210, 1, 157, 1, 0, 0, 0),
(211, 2, 157, 1, 0, 0, 0),
(212, 1, 158, 1, 0, 0, 0),
(213, 2, 158, 1, 0, 0, 0),
(214, 1, 159, 1, 0, 0, 0),
(215, 2, 159, 1, 0, 0, 0),
(216, 1, 160, 1, 0, 0, 0),
(217, 2, 160, 1, 0, 0, 0),
(218, 1, 161, 1, 0, 0, 0),
(219, 2, 161, 1, 0, 0, 0),
(220, 1, 162, 1, 0, 0, 0),
(221, 2, 162, 1, 0, 0, 0),
(222, 1, 163, 1, 0, 0, 0),
(223, 2, 163, 1, 0, 0, 0),
(224, 1, 164, 1, 0, 0, 0),
(225, 2, 164, 1, 0, 0, 0),
(226, 1, 165, 1, 0, 0, 0),
(227, 2, 165, 1, 0, 0, 0),
(228, 1, 166, 1, 0, 0, 0),
(229, 2, 166, 1, 0, 0, 0),
(230, 1, 167, 1, 0, 0, 0),
(231, 2, 167, 1, 0, 0, 0),
(232, 1, 168, 1, 0, 0, 0),
(233, 2, 168, 1, 0, 0, 0),
(234, 1, 169, 1, 0, 0, 0);

-- --------------------------------------------------------
--
-- Dumping data for table `ohrm_workflow_state_machine`
--

INSERT INTO `ohrm_workflow_state_machine` (`id`, `workflow`, `state`, `role`, `action`, `resulting_state`, `roles_to_notify`, `priority`) VALUES
(1, '0', 'INITIAL', 'SYSTEM', '7', 'NOT SUBMITTED', '', 0),
(2, '0', 'SUBMITTED', 'ADMIN', '2', 'APPROVED', '', 0),
(3, '0', 'SUBMITTED', 'ADMIN', '3', 'REJECTED', '', 0),
(4, '0', 'SUBMITTED', 'ADMIN', '0', 'SUBMITTED', '', 0),
(5, '0', 'SUBMITTED', 'ADMIN', '5', 'SUBMITTED', '', 0),
(6, '0', 'SUBMITTED', 'SUPERVISOR', '2', 'APPROVED', '', 0),
(7, '0', 'SUBMITTED', 'SUPERVISOR', '3', 'REJECTED', '', 0),
(8, '0', 'SUBMITTED', 'SUPERVISOR', '5', 'SUBMITTED', '', 0),
(9, '0', 'SUBMITTED', 'SUPERVISOR', '0', 'SUBMITTED', '', 0),
(10, '0', 'SUBMITTED', 'ESS USER', '0', 'SUBMITTED', '', 0),
(11, '0', 'SUBMITTED', 'ESS USER', '5', 'SUBMITTED', '', 0),
(12, '0', 'NOT SUBMITTED', 'ESS USER', '1', 'SUBMITTED', '', 0),
(13, '0', 'NOT SUBMITTED', 'ESS USER', '5', 'NOT SUBMITTED', '', 0),
(15, '0', 'NOT SUBMITTED', 'ESS USER', '0', 'NOT SUBMITTED', '', 0),
(16, '0', 'NOT SUBMITTED', 'SUPERVISOR', '0', 'NOT SUBMITTED', '', 0),
(17, '0', 'NOT SUBMITTED', 'SUPERVISOR', '5', 'NOT SUBMITTED', '', 0),
(18, '0', 'NOT SUBMITTED', 'SUPERVISOR', '1', 'SUBMITTED', '', 0),
(19, '0', 'NOT SUBMITTED', 'ADMIN', '0', 'NOT SUBMITTED', '', 0),
(20, '0', 'NOT SUBMITTED', 'ADMIN', '5', 'NOT SUBMITTED', '', 0),
(21, '0', 'NOT SUBMITTED', 'ADMIN', '1', 'SUBMITTED', '', 0),
(22, '0', 'REJECTED', 'ESS USER', '1', 'SUBMITTED', '', 0),
(23, '0', 'REJECTED', 'ESS USER', '0', 'REJECTED', '', 0),
(24, '0', 'REJECTED', 'ESS USER', '5', 'REJECTED', '', 0),
(25, '0', 'REJECTED', 'SUPERVISOR', '1', 'SUBMITTED', '', 0),
(26, '0', 'REJECTED', 'SUPERVISOR', '0', 'REJECTED', '', 0),
(27, '0', 'REJECTED', 'SUPERVISOR', '5', 'REJECTED', '', 0),
(28, '0', 'REJECTED', 'ADMIN', '0', 'REJECTED', '', 0),
(29, '0', 'REJECTED', 'ADMIN', '5', 'SUBMITTED', '', 0),
(30, '0', 'REJECTED', 'ADMIN', '1', 'SUBMITTED', '', 0),
(31, '0', 'APPROVED', 'ESS USER', '0', 'APPROVED', '', 0),
(32, '0', 'APPROVED', 'SUPERVISOR', '0', 'APPROVED', '', 0),
(33, '0', 'APPROVED', 'ADMIN', '0', 'APPROVED', '', 0),
(34, '0', 'APPROVED', 'ADMIN', '4', 'SUBMITTED', '', 0),
(35, '1', 'PUNCHED IN', 'ESS USER', '1', 'PUNCHED OUT', '', 0),
(36, '1', 'INITIAL', 'ESS USER', '0', 'PUNCHED IN', '', 0),
(37, '2', 'INITIAL', 'ADMIN', '1', 'APPLICATION INITIATED', '', 0),
(38, '2', 'APPLICATION INITIATED', 'ADMIN', '2', 'SHORTLISTED', '', 0),
(39, '2', 'APPLICATION INITIATED', 'ADMIN', '3', 'REJECTED', '', 0),
(40, '2', 'SHORTLISTED', 'ADMIN', '4', 'INTERVIEW SCHEDULED', '', 0),
(41, '2', 'SHORTLISTED', 'ADMIN', '3', 'REJECTED', '', 0),
(42, '2', 'INTERVIEW SCHEDULED', 'ADMIN', '3', 'REJECTED', '', 0),
(43, '2', 'INTERVIEW SCHEDULED', 'ADMIN', '5', 'INTERVIEW PASSED', '', 0),
(44, '2', 'INTERVIEW SCHEDULED', 'ADMIN', '6', 'INTERVIEW FAILED', '', 0),
(45, '2', 'INTERVIEW PASSED', 'ADMIN', '4', 'INTERVIEW SCHEDULED', '', 0),
(46, '2', 'INTERVIEW PASSED', 'ADMIN', '7', 'JOB OFFERED', '', 0),
(47, '2', 'INTERVIEW PASSED', 'ADMIN', '3', 'REJECTED', '', 0),
(48, '2', 'INTERVIEW FAILED', 'ADMIN', '3', 'REJECTED', '', 0),
(49, '2', 'JOB OFFERED', 'ADMIN', '8', 'OFFER DECLINED', '', 0),
(50, '2', 'JOB OFFERED', 'ADMIN', '3', 'REJECTED', '', 0),
(51, '2', 'JOB OFFERED', 'ADMIN', '9', 'HIRED', '', 0),
(52, '2', 'OFFER DECLINED', 'ADMIN', '3', 'REJECTED', '', 0),
(53, '2', 'INITIAL', 'HIRING MANAGER', '1', 'APPLICATION INITIATED', '', 0),
(54, '2', 'APPLICATION INITIATED', 'HIRING MANAGER', '2', 'SHORTLISTED', '', 0),
(55, '2', 'APPLICATION INITIATED', 'HIRING MANAGER', '3', 'REJECTED', '', 0),
(56, '2', 'SHORTLISTED', 'HIRING MANAGER', '4', 'INTERVIEW SCHEDULED', '', 0),
(57, '2', 'SHORTLISTED', 'HIRING MANAGER', '3', 'REJECTED', '', 0),
(58, '2', 'INTERVIEW SCHEDULED', 'HIRING MANAGER', '3', 'REJECTED', '', 0),
(59, '2', 'INTERVIEW SCHEDULED', 'HIRING MANAGER', '5', 'INTERVIEW PASSED', '', 0),
(60, '2', 'INTERVIEW SCHEDULED', 'HIRING MANAGER', '6', 'INTERVIEW FAILED', '', 0),
(61, '2', 'INTERVIEW PASSED', 'HIRING MANAGER', '4', 'INTERVIEW SCHEDULED', '', 0),
(62, '2', 'INTERVIEW PASSED', 'HIRING MANAGER', '7', 'JOB OFFERED', '', 0),
(63, '2', 'INTERVIEW PASSED', 'HIRING MANAGER', '3', 'REJECTED', '', 0),
(64, '2', 'INTERVIEW FAILED', 'HIRING MANAGER', '3', 'REJECTED', '', 0),
(65, '2', 'JOB OFFERED', 'HIRING MANAGER', '8', 'OFFER DECLINED', '', 0),
(66, '2', 'JOB OFFERED', 'HIRING MANAGER', '3', 'REJECTED', '', 0),
(67, '2', 'JOB OFFERED', 'HIRING MANAGER', '9', 'HIRED', '', 0),
(68, '2', 'OFFER DECLINED', 'HIRING MANAGER', '3', 'REJECTED', '', 0),
(69, '2', 'INTERVIEW SCHEDULED', 'INTERVIEWER', '5', 'INTERVIEW PASSED', '', 0),
(70, '2', 'INTERVIEW SCHEDULED', 'INTERVIEWER', '6', 'INTERVIEW FAILED', '', 0),
(71, '1', 'INITIAL', 'ADMIN', '5', 'PUNCHED IN', '', 0),
(72, '1', 'PUNCHED IN', 'ADMIN', '6', 'PUNCHED OUT', '', 0),
(73, '1', 'PUNCHED IN', 'ADMIN', '2', 'PUNCHED IN', '', 0),
(74, '1', 'PUNCHED IN', 'ADMIN', '7', 'N/A', '', 0),
(75, '1', 'PUNCHED OUT', 'ADMIN', '2', 'PUNCHED OUT', '', 0),
(76, '1', 'PUNCHED OUT', 'ADMIN', '3', 'PUNCHED OUT', '', 0),
(77, '1', 'PUNCHED OUT', 'ADMIN', '7', 'N/A', '', 0),
(78, '0', 'INITIAL', 'ADMIN', '7', 'NOT SUBMITTED', '', 0),
(79, '0', 'INITIAL', 'ESS USER', '7', 'NOT SUBMITTED', '', 0),
(80, '0', 'INITIAL', 'SUPERVISOR', '7', 'NOT SUBMITTED', '', 0),
(81, '3', 'NOT_EXIST', 'ADMIN', '1', 'ACTIVE', '', 0),
(82, '3', 'ACTIVE', 'ADMIN', '2', 'NOT_EXIST', '', 0),
(83, '3', 'ACTIVE', 'ADMIN', '3', 'TERMINATED', '', 0),
(84, '3', 'TERMINATED', 'ADMIN', '4', 'ACTIVE', '', 0),
(85, '3', 'TERMINATED', 'ADMIN', '5', 'NOT_EXIST', '', 0),
(86, '4', 'INITIAL', 'ESS', 'APPLY', 'PENDING APPROVAL', 'supervisor,subscriber', 0),
(87, '4', 'INITIAL', 'ADMIN', 'ASSIGN', 'SCHEDULED', 'ess,supervisor,subscriber', 0),
(88, '4', 'INITIAL', 'SUPERVISOR', 'ASSIGN', 'SCHEDULED', 'ess,supervisor,subscriber', 0),
(89, '4', 'PENDING APPROVAL', 'ADMIN', 'APPROVE', 'SCHEDULED', 'ess,subscriber', 0),
(90, '4', 'PENDING APPROVAL', 'SUPERVISOR', 'APPROVE', 'SCHEDULED', 'ess,subscriber', 0),
(91, '4', 'PENDING APPROVAL', 'ESS', 'CANCEL', 'CANCELLED', 'supervisor,subscriber', 0),
(92, '4', 'PENDING APPROVAL', 'ADMIN', 'CANCEL', 'CANCELLED', 'ess,subscriber', 0),
(93, '4', 'PENDING APPROVAL', 'SUPERVISOR', 'CANCEL', 'CANCELLED', 'ess,subscriber', 0),
(94, '4', 'PENDING APPROVAL', 'ADMIN', 'REJECT', 'REJECTED', 'ess,subscriber', 0),
(95, '4', 'PENDING APPROVAL', 'SUPERVISOR', 'REJECT', 'REJECTED', 'ess,subscriber', 0),
(96, '4', 'SCHEDULED', 'ESS', 'CANCEL', 'CANCELLED', 'supervisor,subscriber', 0),
(97, '4', 'SCHEDULED', 'ADMIN', 'CANCEL', 'CANCELLED', 'ess,subscriber', 0),
(98, '4', 'SCHEDULED', 'SUPERVISOR', 'CANCEL', 'CANCELLED', 'ess,subscriber', 0),
(99, '4', 'TAKEN', 'ADMIN', 'CANCEL', 'CANCELLED', 'ess,subscriber', 0),
(100, '4', 'LEAVE TYPE DELETED PENDING APPROVAL', 'ESS', 'CANCEL', 'CANCELLED', 'supervisor,subscriber', 0),
(101, '4', 'LEAVE TYPE DELETED PENDING APPROVAL', 'ADMIN', 'CANCEL', 'CANCELLED', 'ess,subscriber', 0),
(102, '4', 'LEAVE TYPE DELETED PENDING APPROVAL', 'SUPERVISOR', 'CANCEL', 'CANCELLED', 'ess,subscriber', 0),
(103, '4', 'LEAVE TYPE DELETED SCHEDULED', 'ESS', 'CANCEL', 'CANCELLED', 'supervisor,subscriber', 0),
(104, '4', 'LEAVE TYPE DELETED SCHEDULED', 'ADMIN', 'CANCEL', 'CANCELLED', 'ess,subscriber', 0),
(105, '4', 'LEAVE TYPE DELETED SCHEDULED', 'SUPERVISOR', 'CANCEL', 'CANCELLED', 'ess,subscriber', 0),
(106, '4', 'LEAVE TYPE DELETED TAKEN', 'ADMIN', 'CANCEL', 'CANCELLED', 'ess,subscriber', 0),
(107, '5', 'INITIAL', 'ADMIN', '1', 'SAVED', NULL, 0),
(108, '5', 'INITIAL', 'ADMIN', '2', 'ACTIVATED', NULL, 0),
(109, '5', 'SAVED', 'ADMIN', '1', 'SAVED', NULL, 0),
(110, '5', 'SAVED', 'ADMIN', '2', 'ACTIVATED', NULL, 0),
(111, '5', 'ACTIVATED', 'ADMIN', '3', 'IN PROGRESS', NULL, 0),
(112, '5', 'ACTIVATED', 'ADMIN', '4', 'COMPLETED', NULL, 0),
(113, '5', 'IN PROGRESS', 'ADMIN', '3', 'IN PROGRESS', NULL, 0),
(114, '5', 'IN PROGRESS', 'ADMIN', '4', 'COMPLETED', NULL, 0),
(115, '5', 'ACTIVATED', 'SUPERVISOR', '3', 'IN PROGRESS', NULL, 0),
(116, '5', 'ACTIVATED', 'SUPERVISOR', '4', 'COMPLETED', NULL, 0),
(117, '5', 'IN PROGRESS', 'SUPERVISOR', '3', 'IN PROGRESS', NULL, 0),
(118, '5', 'IN PROGRESS', 'SUPERVISOR', '4', 'COMPLETED', NULL, 0),
(119, '6', 'SELF COMPLETED', 'ADMIN', '3', 'SUPERVISOR UPDATED', NULL, 0),
(120, '6', 'SUPERVISOR UPDATED', 'ADMIN', '3', 'SUPERVISOR UPDATED', NULL, 0),
(121, '6', 'SELF COMPLETED', 'SUPERVISOR', '3', 'SUPERVISOR UPDATED', NULL, 0),
(122, '6', 'SUPERVISOR UPDATED', 'SUPERVISOR', '3', 'SUPERVISOR UPDATED', NULL, 0),
(123, '6', 'INITIAL', 'ESS USER', '1', 'SELF IN PROGRESS', NULL, 0),
(124, '6', 'INITIAL', 'ESS USER', '2', 'SELF COMPLETED', NULL, 0),
(125, '6', 'SELF IN PROGRESS', 'ESS USER', '1', 'SELF IN PROGRESS', NULL, 0),
(126, '6', 'SELF IN PROGRESS', 'ESS USER', '2', 'SELF COMPLETED', NULL, 0);


-- --------------------------------------------------------
--
-- Dumping data for table `ohrm_work_week`
--

INSERT INTO `ohrm_work_week` (`id`, `operational_country_id`, `mon`, `tue`, `wed`, `thu`, `fri`, `sat`, `sun`) VALUES
(1, NULL, 0, 0, 0, 0, 0, 8, 8);

-- --------------------------------------------------------
COMMIT;

/*!40101 SET CHARACTER_SET_CLIENT=@OLD_CHARACTER_SET_CLIENT */;
/*!40101 SET CHARACTER_SET_RESULTS=@OLD_CHARACTER_SET_RESULTS */;
/*!40101 SET COLLATION_CONNECTION=@OLD_COLLATION_CONNECTION */;
